itemString,itemName,stackSize,quantity,player,time
i:109118,Blackrock Ore,10,20,Deouker,1481213014
i:109118,Blackrock Ore,15,45,Deouker,1485378763
i:109118,Blackrock Ore,1,1,Deouker,1485378767
i:109118,Blackrock Ore,10,10,Deouker,1489967905
i:109118,Blackrock Ore,20,40,Deouker,1492808830
i:109118,Blackrock Ore,20,140,Deouker,1492808856
i:109118,Blackrock Ore,30,30,Deouker,1493611638
i:109118,Blackrock Ore,30,330,Deouker,1494016855
i:109118,Blackrock Ore,30,300,Deouker,1496811550
i:109118,Blackrock Ore,30,60,Deouker,1496926003
i:109118,Blackrock Ore,24,408,Deouker,1497662782
i:109118,Blackrock Ore,30,270,Deouker,1497869919
i:109118,Blackrock Ore,25,50,Deouker,1497869935
i:109118,Blackrock Ore,35,350,Deouker,1499058763
i:109118,Blackrock Ore,35,350,Deouker,1499648723
i:109118,Blackrock Ore,35,35,Deouker,1499649428
i:71851,Fierce Lava Coral,1,1,Deouker,1480640410
i:71851,Fierce Lava Coral,1,1,Deouker,1480772418
i:52230,Precise Inferno Ruby,1,1,Deouker,1484336667
i:52230,Precise Inferno Ruby,1,1,Deouker,1486071757
i:52230,Precise Inferno Ruby,1,1,Deouker,1486178919
i:52230,Precise Inferno Ruby,1,1,Deouker,1487679587
i:52230,Precise Inferno Ruby,1,1,Deouker,1489222493
i:52230,Precise Inferno Ruby,1,1,Deouker,1490156120
i:113588,Temporal Crystal,1,1,Deouker,1481799268
i:113588,Temporal Crystal,21,21,Deouker,1483115631
i:130220,Quick Dawnlight,1,1,Deouker,1481485156
i:130220,Quick Dawnlight,1,1,Deouker,1481541435
i:130220,Quick Dawnlight,1,1,Deouker,1485478461
i:32226,Jagged Seaspray Emerald,1,1,Deouker,1481682216
i:76664,Stalwart Vermilion Onyx,1,2,Deouker,1481799277
i:76664,Stalwart Vermilion Onyx,1,1,Deouker,1485378790
i:76664,Stalwart Vermilion Onyx,1,1,Deouker,1486178939
i:76664,Stalwart Vermilion Onyx,1,1,Deouker,1487639081
i:76664,Stalwart Vermilion Onyx,1,1,Deouker,1487645101
i:76664,Stalwart Vermilion Onyx,1,1,Deouker,1492808845
i:76664,Stalwart Vermilion Onyx,1,1,Deouker,1496926025
i:76656,Puissant Wild Jade,1,1,Deouker,1485296198
i:76656,Puissant Wild Jade,1,2,Deouker,1486071688
i:76656,Puissant Wild Jade,1,1,Deouker,1486178919
i:76656,Puissant Wild Jade,1,1,Deouker,1487639102
i:76656,Puissant Wild Jade,1,1,Deouker,1487645144
i:76656,Puissant Wild Jade,1,1,Deouker,1487752402
i:76656,Puissant Wild Jade,1,1,Deouker,1487969768
i:76656,Puissant Wild Jade,1,1,Deouker,1492808847
i:76656,Puissant Wild Jade,1,1,Deouker,1499466558
i:23098,Inscribed Flame Spessarite,1,1,Deouker,1484971433
i:23098,Inscribed Flame Spessarite,1,1,Deouker,1485378770
i:68356,Willful Ember Topaz,1,1,Deouker,1486178944
i:130217,Versatile Skystone,1,1,Deouker,1497669117
i:124441,Leylight Shard,1,1,Deouker,1479839980
i:124441,Leylight Shard,1,1,Deouker,1480332904
i:124441,Leylight Shard,1,1,Deouker,1480364821
i:71824,Lightning Elven Peridot,1,1,Deouker,1481473792
i:71824,Lightning Elven Peridot,1,1,Deouker,1485056717
i:76580,Perfect Balanced Alexandrite,1,1,Deouker,1492808838
i:76685,Mysterious Imperial Amethyst,1,1,Deouker,1480869611
i:76685,Mysterious Imperial Amethyst,1,1,Deouker,1481799301
i:76685,Mysterious Imperial Amethyst,1,1,Deouker,1481908020
i:76685,Mysterious Imperial Amethyst,1,1,Deouker,1483132159
i:76685,Mysterious Imperial Amethyst,1,1,Deouker,1485378790
i:76685,Mysterious Imperial Amethyst,1,1,Deouker,1489222458
i:76685,Mysterious Imperial Amethyst,1,1,Deouker,1492808800
i:76685,Mysterious Imperial Amethyst,1,1,Deouker,1499466532
i:71876,Quick Lightstone,1,1,Deouker,1480640390
i:71876,Quick Lightstone,1,1,Deouker,1495577756
i:40113,Brilliant Cardinal Ruby,1,1,Deouker,1479846138
i:40113,Brilliant Cardinal Ruby,1,1,Deouker,1481799274
i:40113,Brilliant Cardinal Ruby,1,1,Deouker,1483132135
i:40113,Brilliant Cardinal Ruby,1,1,Deouker,1492808796
i:76651,Energized Wild Jade,1,2,Deouker,1487202701
i:76651,Energized Wild Jade,1,1,Deouker,1487639067
i:76651,Energized Wild Jade,1,2,Deouker,1487969964
i:76651,Energized Wild Jade,1,1,Deouker,1492808826
i:76651,Energized Wild Jade,1,4,Deouker,1497669004
i:76610,Perfect Tenuous Tiger Opal,1,1,Deouker,1494016849
i:76610,Perfect Tenuous Tiger Opal,1,2,Deouker,1497668929
i:76610,Perfect Tenuous Tiger Opal,8,8,Deouker,1497750122
i:76579,Perfect Zen Alexandrite,2,2,Deouker,1481542247
i:76579,Perfect Zen Alexandrite,2,2,Deouker,1481799279
i:76579,Perfect Zen Alexandrite,2,2,Deouker,1481895862
i:76579,Perfect Zen Alexandrite,1,1,Deouker,1485378779
i:76579,Perfect Zen Alexandrite,1,1,Deouker,1486178849
i:76579,Perfect Zen Alexandrite,1,1,Deouker,1487364089
i:76579,Perfect Zen Alexandrite,1,1,Deouker,1489222462
i:76579,Perfect Zen Alexandrite,1,1,Deouker,1492808835
i:52196,Chimera's Eye,1,1,Deouker,1487173043
i:52196,Chimera's Eye,1,1,Deouker,1498258427
i:52226,Mystic Amberjewel,1,1,Deouker,1486178955
i:52226,Mystic Amberjewel,1,1,Deouker,1492808847
i:36933,Forest Emerald,14,14,Deouker,1491413701
i:76891,Powerful Primal Diamond,1,1,Deouker,1481532564
i:76061,Spirit of Harmony,1,1,Deouker,1487679585
i:76061,Spirit of Harmony,1,1,Deouker,1491253588
i:76061,Spirit of Harmony,1,1,Deouker,1492808771
i:76061,Spirit of Harmony,1,1,Deouker,1499077082
i:76620,Perfect Purified Roguestone,1,1,Deouker,1492808846
i:76577,Perfect Sensei's Alexandrite,1,2,Deouker,1481799285
i:76577,Perfect Sensei's Alexandrite,1,1,Deouker,1483132163
i:76577,Perfect Sensei's Alexandrite,1,1,Deouker,1485378779
i:76577,Perfect Sensei's Alexandrite,1,2,Deouker,1492808844
i:40135,Mysterious Dreadstone,1,1,Deouker,1485378798
i:40135,Mysterious Dreadstone,1,1,Deouker,1486178952
i:40135,Mysterious Dreadstone,1,3,Deouker,1492808785
i:52194,Demonseye,10,10,Deouker,1486120256
i:52194,Demonseye,1,1,Deouker,1486159278
i:52194,Demonseye,10,10,Deouker,1486178908
i:32194,Delicate Crimson Spinel,1,1,Deouker,1481163487
i:52215,Fine Ember Topaz,1,1,Deouker,1485744633
i:52215,Fine Ember Topaz,1,1,Deouker,1486071686
i:52215,Fine Ember Topaz,1,1,Deouker,1486178928
i:32215,Timeless Shadowsong Amethyst,1,3,Deouker,1492082682
i:32215,Timeless Shadowsong Amethyst,1,1,Deouker,1492808836
i:115803,Critical Strike Taladite,1,10,Deouker,1486178959
i:36922,King's Amber,13,13,Deouker,1487733095
i:93705,Nimble Wild Jade,1,1,Deouker,1479902941
i:93705,Nimble Wild Jade,1,1,Deouker,1480640388
i:93705,Nimble Wild Jade,1,1,Deouker,1480936356
i:93705,Nimble Wild Jade,1,1,Deouker,1481213017
i:93705,Nimble Wild Jade,1,1,Deouker,1485378761
i:93705,Nimble Wild Jade,1,1,Deouker,1492808826
i:93705,Nimble Wild Jade,1,1,Deouker,1499366937
i:40125,Rigid Majestic Zircon,1,1,Deouker,1486071690
i:40125,Rigid Majestic Zircon,1,2,Deouker,1486178952
i:115811,Greater Haste Taladite,1,2,Deouker,1487639073
i:115811,Greater Haste Taladite,1,2,Deouker,1487721608
i:115811,Greater Haste Taladite,1,1,Deouker,1487969750
i:115811,Greater Haste Taladite,1,1,Deouker,1490156111
i:115811,Greater Haste Taladite,1,7,Deouker,1491413677
i:115811,Greater Haste Taladite,1,3,Deouker,1498883795
i:52291,Chaotic Shadowspirit Diamond,1,2,Deouker,1498883794
i:76596,Perfect Polished Tiger Opal,1,1,Deouker,1481799291
i:76596,Perfect Polished Tiger Opal,1,1,Deouker,1485378783
i:76596,Perfect Polished Tiger Opal,1,1,Deouker,1486071729
i:52243,Sovereign Demonseye,1,1,Deouker,1486178960
i:52243,Sovereign Demonseye,1,1,Deouker,1490156144
i:52243,Sovereign Demonseye,1,1,Deouker,1490655544
i:40119,Solid Majestic Zircon,10,10,Deouker,1482278910
i:40119,Solid Majestic Zircon,1,1,Deouker,1486178942
i:40119,Solid Majestic Zircon,1,1,Deouker,1487468924
i:40119,Solid Majestic Zircon,1,2,Deouker,1492808849
i:89679,Perfect Assassin's Roguestone,1,1,Deouker,1481799287
i:89679,Perfect Assassin's Roguestone,1,1,Deouker,1483132164
i:89679,Perfect Assassin's Roguestone,1,1,Deouker,1485378787
i:89679,Perfect Assassin's Roguestone,1,1,Deouker,1486178940
i:89679,Perfect Assassin's Roguestone,1,1,Deouker,1487639077
i:89679,Perfect Assassin's Roguestone,1,1,Deouker,1490655513
i:115804,Haste Taladite,2,2,Deouker,1485878284
i:115804,Haste Taladite,1,4,Deouker,1486071665
i:52228,Piercing Dream Emerald,1,1,Deouker,1486178946
i:45883,Brilliant Stormjewel,1,1,Deouker,1492808840
i:24065,Purified Nightseye,1,1,Deouker,1494016837
i:76647,Vivid Wild Jade,1,1,Deouker,1480640387
i:76647,Vivid Wild Jade,1,1,Deouker,1483132192
i:76647,Vivid Wild Jade,1,1,Deouker,1485378792
i:76647,Vivid Wild Jade,1,1,Deouker,1486178844
i:76647,Vivid Wild Jade,1,2,Deouker,1487202648
i:76647,Vivid Wild Jade,1,1,Deouker,1487364106
i:76647,Vivid Wild Jade,1,1,Deouker,1487639106
i:76647,Vivid Wild Jade,1,1,Deouker,1487752396
i:76647,Vivid Wild Jade,1,1,Deouker,1489222457
i:76647,Vivid Wild Jade,1,1,Deouker,1492808840
i:76688,Guardian's Imperial Amethyst,1,1,Deouker,1481799289
i:76688,Guardian's Imperial Amethyst,1,1,Deouker,1489222487
i:76688,Guardian's Imperial Amethyst,1,2,Deouker,1492808777
i:76688,Guardian's Imperial Amethyst,1,1,Deouker,1494016836
i:76688,Guardian's Imperial Amethyst,1,2,Deouker,1497668981
i:76688,Guardian's Imperial Amethyst,1,1,Deouker,1499466519
i:76678,Splendid Vermilion Onyx,1,1,Deouker,1479902933
i:76678,Splendid Vermilion Onyx,1,2,Deouker,1481799271
i:76678,Splendid Vermilion Onyx,1,1,Deouker,1485378786
i:76678,Splendid Vermilion Onyx,1,1,Deouker,1485716823
i:76678,Splendid Vermilion Onyx,1,2,Deouker,1486071739
i:76678,Splendid Vermilion Onyx,1,2,Deouker,1487639079
i:76678,Splendid Vermilion Onyx,1,1,Deouker,1487645107
i:76678,Splendid Vermilion Onyx,1,1,Deouker,1489222460
i:76678,Splendid Vermilion Onyx,1,1,Deouker,1492808795
i:76678,Splendid Vermilion Onyx,1,1,Deouker,1494016853
i:76678,Splendid Vermilion Onyx,1,2,Deouker,1497668988
i:76678,Splendid Vermilion Onyx,1,1,Deouker,1499466522
i:40112,Delicate Cardinal Ruby,1,1,Deouker,1480640393
i:40112,Delicate Cardinal Ruby,1,1,Deouker,1480772417
i:40112,Delicate Cardinal Ruby,1,1,Deouker,1485378770
i:40112,Delicate Cardinal Ruby,1,2,Deouker,1486178933
i:40112,Delicate Cardinal Ruby,1,1,Deouker,1492808790
i:76601,Perfect Wicked Tiger Opal,1,2,Deouker,1481799280
i:76601,Perfect Wicked Tiger Opal,1,1,Deouker,1483132176
i:76601,Perfect Wicked Tiger Opal,1,2,Deouker,1485378796
i:76601,Perfect Wicked Tiger Opal,1,1,Deouker,1485396011
i:76601,Perfect Wicked Tiger Opal,1,1,Deouker,1486178933
i:71878,Mystic Lightstone,1,1,Deouker,1480640413
i:71878,Mystic Lightstone,1,1,Deouker,1480772421
i:76608,Perfect Skillful Tiger Opal,2,2,Deouker,1485378769
i:76608,Perfect Skillful Tiger Opal,2,2,Deouker,1485396356
i:76608,Perfect Skillful Tiger Opal,2,2,Deouker,1485900134
i:76608,Perfect Skillful Tiger Opal,1,1,Deouker,1486178930
i:76608,Perfect Skillful Tiger Opal,12,12,Deouker,1486632417
i:76604,Perfect Adept Tiger Opal,2,2,Deouker,1481799298
i:76604,Perfect Adept Tiger Opal,1,1,Deouker,1483132162
i:76604,Perfect Adept Tiger Opal,1,1,Deouker,1485378802
i:76604,Perfect Adept Tiger Opal,1,1,Deouker,1486071698
i:76604,Perfect Adept Tiger Opal,1,1,Deouker,1486178948
i:76604,Perfect Adept Tiger Opal,1,1,Deouker,1487639078
i:76604,Perfect Adept Tiger Opal,1,1,Deouker,1492808827
i:109125,Fireweed,10,100,Deouker,1479674364
i:109125,Fireweed,10,80,Deouker,1479846138
i:109125,Fireweed,10,10,Deouker,1480640396
i:109125,Fireweed,10,40,Deouker,1481213021
i:109125,Fireweed,10,20,Deouker,1481221389
i:109125,Fireweed,10,50,Deouker,1481248249
i:109125,Fireweed,10,20,Deouker,1481294840
i:109125,Fireweed,1,5,Deouker,1485378784
i:109125,Fireweed,15,90,Deouker,1485878280
i:109125,Fireweed,15,60,Deouker,1486178950
i:109125,Fireweed,15,75,Deouker,1487752404
i:109125,Fireweed,10,50,Deouker,1489967899
i:109125,Fireweed,20,180,Deouker,1492808817
i:109125,Fireweed,20,140,Deouker,1492808848
i:109125,Fireweed,25,125,Deouker,1496811486
i:109125,Fireweed,25,75,Deouker,1496848934
i:109125,Fireweed,25,150,Deouker,1496926005
i:109125,Fireweed,30,180,Deouker,1497870964
i:76692,Delicate Primordial Ruby,8,8,Deouker,1481729091
i:130182,Maelstrom Sapphire,1,1,Deouker,1491392594
i:52220,Glinting Demonseye,1,1,Deouker,1486178957
i:76624,Perfect Defender's Roguestone,1,1,Deouker,1494016836
i:18562,Elementium Ingot,18,18,Deouker,1494110195
i:23448,Felsteel Bar,1,1,Deouker,1480512228
i:23448,Felsteel Bar,1,2,Deouker,1480640382
i:23448,Felsteel Bar,1,1,Deouker,1484336588
i:23448,Felsteel Bar,1,3,Deouker,1486071761
i:23448,Felsteel Bar,1,1,Deouker,1486178917
i:40127,Mystic King's Amber,1,1,Deouker,1480640402
i:40127,Mystic King's Amber,1,1,Deouker,1480772421
i:40127,Mystic King's Amber,1,1,Deouker,1481471077
i:40127,Mystic King's Amber,1,1,Deouker,1481799274
i:40127,Mystic King's Amber,1,1,Deouker,1487100807
i:40127,Mystic King's Amber,1,2,Deouker,1492808788
i:32222,Deadly Pyrestone,1,2,Deouker,1483132188
i:76700,Fractured Sun's Radiance,1,1,Deouker,1479665634
i:76700,Fractured Sun's Radiance,1,1,Deouker,1479674353
i:76700,Fractured Sun's Radiance,1,1,Deouker,1479902932
i:76700,Fractured Sun's Radiance,1,1,Deouker,1480869593
i:76700,Fractured Sun's Radiance,1,1,Deouker,1480936358
i:76700,Fractured Sun's Radiance,1,1,Deouker,1483132152
i:76700,Fractured Sun's Radiance,1,1,Deouker,1484800219
i:76700,Fractured Sun's Radiance,1,1,Deouker,1485716839
i:76700,Fractured Sun's Radiance,1,1,Deouker,1486071694
i:76700,Fractured Sun's Radiance,1,1,Deouker,1487364100
i:76700,Fractured Sun's Radiance,1,1,Deouker,1487471593
i:76700,Fractured Sun's Radiance,1,1,Deouker,1490655554
i:76700,Fractured Sun's Radiance,1,1,Deouker,1491413603
i:76700,Fractured Sun's Radiance,1,1,Deouker,1492808855
i:71833,Energized Elven Peridot,1,1,Deouker,1499423419
i:23117,Azure Moonstone,1,1,Deouker,1481163478
i:23117,Azure Moonstone,1,1,Deouker,1481213013
i:76639,Solid River's Heart,1,1,Deouker,1479674354
i:76639,Solid River's Heart,1,1,Deouker,1480869567
i:76639,Solid River's Heart,1,2,Deouker,1480936353
i:76639,Solid River's Heart,1,3,Deouker,1481163483
i:76639,Solid River's Heart,1,1,Deouker,1481645638
i:76639,Solid River's Heart,1,2,Deouker,1481682139
i:76639,Solid River's Heart,1,1,Deouker,1481799278
i:76639,Solid River's Heart,1,1,Deouker,1487364081
i:76639,Solid River's Heart,1,1,Deouker,1487471608
i:76639,Solid River's Heart,1,1,Deouker,1487721633
i:76639,Solid River's Heart,1,1,Deouker,1487969974
i:76639,Solid River's Heart,1,1,Deouker,1492808851
i:76639,Solid River's Heart,1,1,Deouker,1497669207
i:76598,Perfect Stalwart Tiger Opal,1,1,Deouker,1479674355
i:76598,Perfect Stalwart Tiger Opal,1,1,Deouker,1479846137
i:76598,Perfect Stalwart Tiger Opal,1,1,Deouker,1481799283
i:76598,Perfect Stalwart Tiger Opal,1,1,Deouker,1483132167
i:76598,Perfect Stalwart Tiger Opal,1,1,Deouker,1485378800
i:76598,Perfect Stalwart Tiger Opal,1,1,Deouker,1486071732
i:76598,Perfect Stalwart Tiger Opal,1,1,Deouker,1487969968
i:76598,Perfect Stalwart Tiger Opal,1,1,Deouker,1490156124
i:40118,Precise Cardinal Ruby,6,6,Deouker,1485378774
i:68357,Lucent Ember Topaz,1,1,Deouker,1492808849
i:76887,Fleet Primal Diamond,1,1,Deouker,1480885614
i:40154,Willful Ametrine,1,1,Deouker,1485378787
i:40154,Willful Ametrine,1,1,Deouker,1486178975
i:40154,Willful Ametrine,1,1,Deouker,1492808843
i:76696,Bold Primordial Ruby,1,1,Deouker,1485296247
i:76696,Bold Primordial Ruby,1,1,Deouker,1485378808
i:76696,Bold Primordial Ruby,1,1,Deouker,1487471601
i:76696,Bold Primordial Ruby,1,1,Deouker,1487645180
i:76696,Bold Primordial Ruby,1,1,Deouker,1490655880
i:76680,Glinting Imperial Amethyst,1,1,Deouker,1480831440
i:76680,Glinting Imperial Amethyst,1,1,Deouker,1484971245
i:76680,Glinting Imperial Amethyst,1,1,Deouker,1485378786
i:76680,Glinting Imperial Amethyst,1,1,Deouker,1486071695
i:76680,Glinting Imperial Amethyst,1,1,Deouker,1486178912
i:76680,Glinting Imperial Amethyst,1,1,Deouker,1487202774
i:76680,Glinting Imperial Amethyst,1,1,Deouker,1487639072
i:76668,Reckless Vermilion Onyx,1,1,Deouker,1485378802
i:76668,Reckless Vermilion Onyx,1,1,Deouker,1486071735
i:76668,Reckless Vermilion Onyx,1,1,Deouker,1487639083
i:76668,Reckless Vermilion Onyx,1,1,Deouker,1489222478
i:76668,Reckless Vermilion Onyx,1,1,Deouker,1490156122
i:76668,Reckless Vermilion Onyx,1,1,Deouker,1492808799
i:76668,Reckless Vermilion Onyx,1,2,Deouker,1494016855
i:76668,Reckless Vermilion Onyx,1,2,Deouker,1497669097
i:76668,Reckless Vermilion Onyx,1,1,Deouker,1499466542
i:76623,Perfect Timeless Roguestone,1,1,Deouker,1487752404
i:76623,Perfect Timeless Roguestone,2,2,Deouker,1487963049
i:76623,Perfect Timeless Roguestone,1,1,Deouker,1492808826
i:76629,Perfect Flashing Pandarian Garnet,1,1,Deouker,1485378782
i:76629,Perfect Flashing Pandarian Garnet,1,1,Deouker,1489222455
i:76629,Perfect Flashing Pandarian Garnet,1,1,Deouker,1490156114
i:76616,Perfect Veiled Roguestone,1,1,Deouker,1481799282
i:76616,Perfect Veiled Roguestone,1,1,Deouker,1483132174
i:76616,Perfect Veiled Roguestone,1,1,Deouker,1485378793
i:76616,Perfect Veiled Roguestone,1,1,Deouker,1486071732
i:76616,Perfect Veiled Roguestone,1,1,Deouker,1492808838
i:40143,Etched Dreadstone,1,1,Deouker,1480640393
i:40143,Etched Dreadstone,1,3,Deouker,1486178953
i:40143,Etched Dreadstone,1,2,Deouker,1492808838
i:115815,Greater Stamina Taladite,1,1,Deouker,1483132153
i:76594,Perfect Potent Tiger Opal,1,1,Deouker,1481799288
i:76594,Perfect Potent Tiger Opal,1,1,Deouker,1485378789
i:76594,Perfect Potent Tiger Opal,1,1,Deouker,1485744930
i:76594,Perfect Potent Tiger Opal,1,1,Deouker,1488351292
i:76594,Perfect Potent Tiger Opal,1,1,Deouker,1492808837
i:12799,Large Opal,1,2,Deouker,1486178925
i:76687,Shifting Imperial Amethyst,1,1,Deouker,1481799282
i:76687,Shifting Imperial Amethyst,1,1,Deouker,1485378783
i:76687,Shifting Imperial Amethyst,1,1,Deouker,1486071737
i:76687,Shifting Imperial Amethyst,1,2,Deouker,1487364083
i:76687,Shifting Imperial Amethyst,1,1,Deouker,1487639114
i:76687,Shifting Imperial Amethyst,1,1,Deouker,1489222459
i:76687,Shifting Imperial Amethyst,1,1,Deouker,1490156114
i:76687,Shifting Imperial Amethyst,1,1,Deouker,1492808792
i:76687,Shifting Imperial Amethyst,1,1,Deouker,1499466520
i:76663,Resolute Vermilion Onyx,1,2,Deouker,1480831430
i:76663,Resolute Vermilion Onyx,1,1,Deouker,1480957744
i:76663,Resolute Vermilion Onyx,1,1,Deouker,1481799280
i:76663,Resolute Vermilion Onyx,1,1,Deouker,1485378775
i:76663,Resolute Vermilion Onyx,1,2,Deouker,1486178934
i:76663,Resolute Vermilion Onyx,1,1,Deouker,1487639083
i:76663,Resolute Vermilion Onyx,1,1,Deouker,1492808792
i:76663,Resolute Vermilion Onyx,1,1,Deouker,1499466505
i:76670,Adept Vermilion Onyx,1,1,Deouker,1481799306
i:76670,Adept Vermilion Onyx,1,2,Deouker,1483132142
i:76670,Adept Vermilion Onyx,1,1,Deouker,1486071692
i:76670,Adept Vermilion Onyx,1,1,Deouker,1487639064
i:76670,Adept Vermilion Onyx,1,1,Deouker,1487969966
i:76670,Adept Vermilion Onyx,1,1,Deouker,1492808793
i:76670,Adept Vermilion Onyx,1,3,Deouker,1497668947
i:76670,Adept Vermilion Onyx,1,1,Deouker,1499466518
i:115813,Greater Haste Taladene,1,3,Deouker,1497668935
i:115813,Greater Haste Taladene,1,1,Deouker,1499222238
i:52232,Quick Amberjewel,1,1,Deouker,1486178946
i:52232,Quick Amberjewel,1,1,Deouker,1487721357
i:52232,Quick Amberjewel,1,1,Deouker,1487969813
i:40133,Purified Dreadstone,1,1,Deouker,1481799276
i:40133,Purified Dreadstone,1,2,Deouker,1492808835
i:76570,Perfect Rigid Lapis Lazuli,1,1,Deouker,1479674356
i:76570,Perfect Rigid Lapis Lazuli,1,1,Deouker,1481645618
i:76570,Perfect Rigid Lapis Lazuli,1,1,Deouker,1481799287
i:76570,Perfect Rigid Lapis Lazuli,1,1,Deouker,1485296132
i:76570,Perfect Rigid Lapis Lazuli,1,1,Deouker,1486071730
i:76570,Perfect Rigid Lapis Lazuli,1,1,Deouker,1487364091
i:76570,Perfect Rigid Lapis Lazuli,1,1,Deouker,1487471611
i:76570,Perfect Rigid Lapis Lazuli,1,1,Deouker,1487639081
i:76570,Perfect Rigid Lapis Lazuli,1,1,Deouker,1489222473
i:76582,Perfect Turbid Alexandrite,1,1,Deouker,1490156124
i:76582,Perfect Turbid Alexandrite,1,1,Deouker,1492808848
i:76691,Sovereign Imperial Amethyst,1,1,Deouker,1492808788
i:76691,Sovereign Imperial Amethyst,1,1,Deouker,1494016848
i:76691,Sovereign Imperial Amethyst,1,1,Deouker,1497668996
i:32196,Brilliant Crimson Spinel,1,1,Deouker,1480640393
i:32196,Brilliant Crimson Spinel,1,1,Deouker,1481248247
i:76581,Perfect Vivid Alexandrite,9,9,Deouker,1481533921
i:76581,Perfect Vivid Alexandrite,9,9,Deouker,1481542263
i:76581,Perfect Vivid Alexandrite,1,2,Deouker,1485296193
i:76581,Perfect Vivid Alexandrite,1,1,Deouker,1485378793
i:76581,Perfect Vivid Alexandrite,1,1,Deouker,1486071733
i:22459,Void Sphere,1,1,Deouker,1486178950
i:71840,Deadly Lava Coral,1,1,Deouker,1480640413
i:109129,Talador Orchid,10,40,Deouker,1479674349
i:109129,Talador Orchid,23,138,Deouker,1479674379
i:109129,Talador Orchid,10,40,Deouker,1479839985
i:109129,Talador Orchid,10,30,Deouker,1479846136
i:109129,Talador Orchid,10,30,Deouker,1480640399
i:109129,Talador Orchid,10,50,Deouker,1481213032
i:109129,Talador Orchid,10,40,Deouker,1481221382
i:109129,Talador Orchid,10,30,Deouker,1481248274
i:109129,Talador Orchid,5,20,Deouker,1485378775
i:109129,Talador Orchid,1,5,Deouker,1485378788
i:109129,Talador Orchid,15,45,Deouker,1487752410
i:109129,Talador Orchid,15,165,Deouker,1487969822
i:109129,Talador Orchid,15,30,Deouker,1494016862
i:109129,Talador Orchid,15,45,Deouker,1496926000
i:109129,Talador Orchid,15,15,Deouker,1497662793
i:76885,Burning Primal Diamond,1,1,Deouker,1479839977
i:76686,Purified Imperial Amethyst,1,1,Deouker,1481799281
i:76686,Purified Imperial Amethyst,1,1,Deouker,1483132178
i:76686,Purified Imperial Amethyst,1,1,Deouker,1485378790
i:76686,Purified Imperial Amethyst,1,1,Deouker,1487173165
i:76686,Purified Imperial Amethyst,1,1,Deouker,1487364087
i:76686,Purified Imperial Amethyst,1,1,Deouker,1487639081
i:76686,Purified Imperial Amethyst,1,1,Deouker,1487645150
i:76686,Purified Imperial Amethyst,1,2,Deouker,1487969930
i:76686,Purified Imperial Amethyst,1,1,Deouker,1490156129
i:76686,Purified Imperial Amethyst,1,1,Deouker,1494016837
i:76621,Perfect Shifting Roguestone,1,1,Deouker,1479839993
i:76621,Perfect Shifting Roguestone,1,1,Deouker,1481799284
i:76621,Perfect Shifting Roguestone,1,1,Deouker,1483132162
i:76621,Perfect Shifting Roguestone,1,1,Deouker,1485378792
i:76621,Perfect Shifting Roguestone,1,1,Deouker,1486071732
i:76621,Perfect Shifting Roguestone,1,1,Deouker,1486178949
i:76621,Perfect Shifting Roguestone,1,1,Deouker,1494016840
i:71855,Fine Lava Coral,1,1,Deouker,1497037622
i:71855,Fine Lava Coral,1,1,Deouker,1497038099
i:71855,Fine Lava Coral,1,10,Deouker,1498721811
i:71855,Fine Lava Coral,1,1,Deouker,1498883825
i:76631,Perfect Smooth Sunstone,1,1,Deouker,1481799286
i:76631,Perfect Smooth Sunstone,1,1,Deouker,1483132164
i:76631,Perfect Smooth Sunstone,1,1,Deouker,1485378801
i:76631,Perfect Smooth Sunstone,1,1,Deouker,1486071733
i:76631,Perfect Smooth Sunstone,1,1,Deouker,1492808833
i:76631,Perfect Smooth Sunstone,1,1,Deouker,1499466506
i:71848,Deft Lava Coral,1,1,Deouker,1480640410
i:52240,Skillful Ember Topaz,1,1,Deouker,1485378779
i:52240,Skillful Ember Topaz,1,1,Deouker,1486178941
i:52211,Deft Ember Topaz,1,1,Deouker,1486178974
i:52211,Deft Ember Topaz,1,1,Deouker,1490057927
i:52211,Deft Ember Topaz,1,1,Deouker,1492808823
i:52211,Deft Ember Topaz,1,1,Deouker,1493393193
i:40150,Deft Ametrine,1,1,Deouker,1486178964
i:40150,Deft Ametrine,1,1,Deouker,1492808833
i:40150,Deft Ametrine,1,1,Deouker,1492808854
i:76605,Perfect Keen Tiger Opal,1,1,Deouker,1485378762
i:76605,Perfect Keen Tiger Opal,2,2,Deouker,1485900128
i:76605,Perfect Keen Tiger Opal,2,2,Deouker,1486071688
i:76605,Perfect Keen Tiger Opal,2,2,Deouker,1486084951
i:76605,Perfect Keen Tiger Opal,1,1,Deouker,1486178944
i:76605,Perfect Keen Tiger Opal,2,2,Deouker,1486297096
i:76605,Perfect Keen Tiger Opal,2,2,Deouker,1486493207
i:76605,Perfect Keen Tiger Opal,2,2,Deouker,1486639138
i:76605,Perfect Keen Tiger Opal,2,2,Deouker,1486711501
i:71879,Delicate Queen's Garnet,1,1,Deouker,1480640410
i:71879,Delicate Queen's Garnet,1,1,Deouker,1480772418
i:71879,Delicate Queen's Garnet,1,1,Deouker,1499616925
i:76698,Subtle Sun's Radiance,1,1,Deouker,1480640397
i:76698,Subtle Sun's Radiance,1,1,Deouker,1480772423
i:76698,Subtle Sun's Radiance,1,1,Deouker,1480831407
i:76698,Subtle Sun's Radiance,1,1,Deouker,1481799277
i:76698,Subtle Sun's Radiance,1,1,Deouker,1485378777
i:76698,Subtle Sun's Radiance,1,1,Deouker,1486071742
i:76698,Subtle Sun's Radiance,1,1,Deouker,1487639083
i:76698,Subtle Sun's Radiance,1,1,Deouker,1491413680
i:76698,Subtle Sun's Radiance,1,1,Deouker,1492808852
i:76698,Subtle Sun's Radiance,1,1,Deouker,1497662777
i:40128,Quick King's Amber,9,9,Deouker,1480640390
i:40128,Quick King's Amber,9,9,Deouker,1481542253
i:40128,Quick King's Amber,1,1,Deouker,1492808853
i:109126,Gorgrond Flytrap,15,105,Deouker,1479839985
i:109126,Gorgrond Flytrap,15,255,Deouker,1481248250
i:109126,Gorgrond Flytrap,15,60,Deouker,1481294839
i:109126,Gorgrond Flytrap,1,1,Deouker,1484971251
i:109126,Gorgrond Flytrap,10,20,Deouker,1484971266
i:109126,Gorgrond Flytrap,1,7,Deouker,1486071759
i:109126,Gorgrond Flytrap,10,50,Deouker,1487364073
i:109126,Gorgrond Flytrap,10,20,Deouker,1487639119
i:109126,Gorgrond Flytrap,10,20,Deouker,1487969888
i:109126,Gorgrond Flytrap,9,45,Deouker,1489967895
i:109126,Gorgrond Flytrap,20,40,Deouker,1490046480
i:109126,Gorgrond Flytrap,20,40,Deouker,1492808870
i:109126,Gorgrond Flytrap,15,90,Deouker,1493047553
i:109126,Gorgrond Flytrap,15,90,Deouker,1493611632
i:109126,Gorgrond Flytrap,15,75,Deouker,1496751463
i:109126,Gorgrond Flytrap,15,15,Deouker,1496926002
i:109126,Gorgrond Flytrap,30,60,Deouker,1497022823
i:109126,Gorgrond Flytrap,25,25,Deouker,1497662944
i:109126,Gorgrond Flytrap,30,30,Deouker,1497994254
i:109126,Gorgrond Flytrap,30,30,Deouker,1499137353
i:40136,Shifting Dreadstone,1,1,Deouker,1486178929
i:40136,Shifting Dreadstone,1,1,Deouker,1486820684
i:40136,Shifting Dreadstone,1,1,Deouker,1492808835
i:40142,Inscribed Ametrine,1,1,Deouker,1481645660
i:40142,Inscribed Ametrine,1,1,Deouker,1481682235
i:40142,Inscribed Ametrine,1,1,Deouker,1483132138
i:40142,Inscribed Ametrine,1,2,Deouker,1492808848
i:52209,Deadly Ember Topaz,1,1,Deouker,1486178976
i:130219,Deadly Eye of Prophecy,1,1,Deouker,1480640384
i:130219,Deadly Eye of Prophecy,1,1,Deouker,1481485170
i:130219,Deadly Eye of Prophecy,1,2,Deouker,1484880096
i:130219,Deadly Eye of Prophecy,1,1,Deouker,1484969150
i:130219,Deadly Eye of Prophecy,1,1,Deouker,1485378769
i:130219,Deadly Eye of Prophecy,1,1,Deouker,1485716371
i:130219,Deadly Eye of Prophecy,1,1,Deouker,1485878266
i:130219,Deadly Eye of Prophecy,1,2,Deouker,1486071749
i:130219,Deadly Eye of Prophecy,1,1,Deouker,1486178963
i:130219,Deadly Eye of Prophecy,1,2,Deouker,1486856432
i:130219,Deadly Eye of Prophecy,1,1,Deouker,1487324015
i:130219,Deadly Eye of Prophecy,1,1,Deouker,1487364066
i:130219,Deadly Eye of Prophecy,1,1,Deouker,1497816870
i:130219,Deadly Eye of Prophecy,1,7,Deouker,1497994246
i:130219,Deadly Eye of Prophecy,1,3,Deouker,1498005015
i:130219,Deadly Eye of Prophecy,1,4,Deouker,1498180447
i:130219,Deadly Eye of Prophecy,1,1,Deouker,1498240711
i:130219,Deadly Eye of Prophecy,1,5,Deouker,1498250111
i:130219,Deadly Eye of Prophecy,1,1,Deouker,1498883811
i:130219,Deadly Eye of Prophecy,1,2,Deouker,1499137461
i:130219,Deadly Eye of Prophecy,1,3,Deouker,1499554499
i:130219,Deadly Eye of Prophecy,1,2,Deouker,1499619980
i:130219,Deadly Eye of Prophecy,1,1,Deouker,1499626734
i:71869,Shifting Shadow Spinel,1,1,Deouker,1499423415
i:52222,Inscribed Ember Topaz,1,1,Deouker,1486071686
i:52222,Inscribed Ember Topaz,1,1,Deouker,1486178957
i:52222,Inscribed Ember Topaz,1,1,Deouker,1487969950
i:52222,Inscribed Ember Topaz,1,1,Deouker,1489222485
i:52222,Inscribed Ember Topaz,1,1,Deouker,1490655409
i:21929,Flame Spessarite,2,2,Deouker,1481163475
i:76650,Shattered Wild Jade,1,1,Deouker,1483132182
i:76650,Shattered Wild Jade,1,1,Deouker,1485378799
i:76650,Shattered Wild Jade,1,1,Deouker,1486071735
i:76650,Shattered Wild Jade,1,1,Deouker,1489222453
i:76650,Shattered Wild Jade,1,1,Deouker,1492808844
i:76650,Shattered Wild Jade,1,1,Deouker,1494016851
i:76650,Shattered Wild Jade,1,2,Deouker,1499466538
i:52168,Perfect Rigid Zephyrite,2,2,Deouker,1486178916
i:76633,Perfect Quick Sunstone,1,1,Deouker,1481799288
i:76633,Perfect Quick Sunstone,1,1,Deouker,1485378778
i:76633,Perfect Quick Sunstone,1,1,Deouker,1486071729
i:76633,Perfect Quick Sunstone,1,1,Deouker,1486546288
i:76633,Perfect Quick Sunstone,1,1,Deouker,1487364094
i:40111,Bold Cardinal Ruby,1,1,Deouker,1486071690
i:40111,Bold Cardinal Ruby,1,1,Deouker,1486178957
i:40111,Bold Cardinal Ruby,1,1,Deouker,1492808798
i:76140,Vermilion Onyx,1,1,Deouker,1486178935
i:76689,Timeless Imperial Amethyst,1,1,Deouker,1479846146
i:76689,Timeless Imperial Amethyst,1,2,Deouker,1492808794
i:76689,Timeless Imperial Amethyst,1,1,Deouker,1494016853
i:76689,Timeless Imperial Amethyst,1,1,Deouker,1499466525
i:52236,Purified Demonseye,7,7,Deouker,1481755627
i:52236,Purified Demonseye,1,1,Deouker,1482109162
i:52236,Purified Demonseye,1,1,Deouker,1486071675
i:52236,Purified Demonseye,1,1,Deouker,1486178949
i:52236,Purified Demonseye,1,1,Deouker,1487639131
i:52236,Purified Demonseye,1,1,Deouker,1487752401
i:71838,Puissant Elven Peridot,8,8,Deouker,1485046126
i:76655,Confounded Wild Jade,1,1,Deouker,1479674365
i:76655,Confounded Wild Jade,1,1,Deouker,1480831455
i:76655,Confounded Wild Jade,1,1,Deouker,1480869584
i:76655,Confounded Wild Jade,1,1,Deouker,1480885622
i:76655,Confounded Wild Jade,1,2,Deouker,1481799304
i:76655,Confounded Wild Jade,1,1,Deouker,1483132147
i:76655,Confounded Wild Jade,1,1,Deouker,1485378804
i:76655,Confounded Wild Jade,1,1,Deouker,1486071694
i:76655,Confounded Wild Jade,1,1,Deouker,1486178948
i:76655,Confounded Wild Jade,1,1,Deouker,1492808847
i:76655,Confounded Wild Jade,1,1,Deouker,1494016849
i:76674,Skillful Vermilion Onyx,1,1,Deouker,1481730390
i:76674,Skillful Vermilion Onyx,1,1,Deouker,1481799277
i:76674,Skillful Vermilion Onyx,1,1,Deouker,1483132184
i:76674,Skillful Vermilion Onyx,1,1,Deouker,1484971211
i:76674,Skillful Vermilion Onyx,1,1,Deouker,1485378804
i:76674,Skillful Vermilion Onyx,1,1,Deouker,1486071737
i:76674,Skillful Vermilion Onyx,1,1,Deouker,1487645160
i:76674,Skillful Vermilion Onyx,1,1,Deouker,1492808790
i:76674,Skillful Vermilion Onyx,1,1,Deouker,1494016842
i:76674,Skillful Vermilion Onyx,1,5,Deouker,1497669209
i:76674,Skillful Vermilion Onyx,1,1,Deouker,1499466575
i:52225,Lightning Dream Emerald,1,1,Deouker,1486071673
i:52225,Lightning Dream Emerald,1,1,Deouker,1486178955
i:76600,Perfect Deft Tiger Opal,1,1,Deouker,1479674358
i:76600,Perfect Deft Tiger Opal,1,1,Deouker,1481799299
i:76600,Perfect Deft Tiger Opal,1,1,Deouker,1483132169
i:76600,Perfect Deft Tiger Opal,1,1,Deouker,1485378795
i:76600,Perfect Deft Tiger Opal,1,1,Deouker,1486071700
i:52114,Skillful Hessonite,1,1,Deouker,1484971422
i:40168,Steady Eye of Zul,1,1,Deouker,1485378807
i:40168,Steady Eye of Zul,1,1,Deouker,1485688695
i:113261,Sorcerous Fire,10,50,Deouker,1479839971
i:113261,Sorcerous Fire,10,30,Deouker,1483132200
i:76578,Perfect Effulgent Alexandrite,1,2,Deouker,1481799295
i:76578,Perfect Effulgent Alexandrite,1,1,Deouker,1483132168
i:76578,Perfect Effulgent Alexandrite,1,2,Deouker,1485378780
i:76578,Perfect Effulgent Alexandrite,1,1,Deouker,1485395921
i:76578,Perfect Effulgent Alexandrite,1,1,Deouker,1485744374
i:76578,Perfect Effulgent Alexandrite,1,1,Deouker,1486159266
i:76578,Perfect Effulgent Alexandrite,1,1,Deouker,1492808841
i:52231,Puissant Dream Emerald,1,1,Deouker,1486178949
i:52231,Puissant Dream Emerald,1,1,Deouker,1487752402
i:52231,Puissant Dream Emerald,1,1,Deouker,1489222494
i:89674,Tense Imperial Amethyst,1,1,Deouker,1481799290
i:89674,Tense Imperial Amethyst,1,1,Deouker,1485378799
i:89674,Tense Imperial Amethyst,1,1,Deouker,1486071676
i:89674,Tense Imperial Amethyst,1,1,Deouker,1486178953
i:89674,Tense Imperial Amethyst,1,1,Deouker,1486546176
i:89674,Tense Imperial Amethyst,1,1,Deouker,1487364076
i:89674,Tense Imperial Amethyst,1,1,Deouker,1487639084
i:89674,Tense Imperial Amethyst,1,1,Deouker,1492808780
i:76694,Brilliant Primordial Ruby,5,5,Deouker,1481224764
i:76694,Brilliant Primordial Ruby,5,5,Deouker,1481300915
i:76694,Brilliant Primordial Ruby,1,1,Deouker,1481682233
i:76694,Brilliant Primordial Ruby,1,1,Deouker,1485296244
i:76694,Brilliant Primordial Ruby,1,1,Deouker,1485378808
i:71818,Stormy Deepholm Iolite,1,1,Deouker,1484971217
i:71818,Stormy Deepholm Iolite,1,11,Deouker,1496751496
i:71818,Stormy Deepholm Iolite,1,2,Deouker,1496864649
i:71818,Stormy Deepholm Iolite,1,1,Deouker,1496926010
i:32203,Stormy Empyrean Sapphire,1,1,Deouker,1492441089
i:130221,Versatile Maelstrom Sapphire,1,1,Deouker,1480281662
i:130221,Versatile Maelstrom Sapphire,1,1,Deouker,1480332829
i:130221,Versatile Maelstrom Sapphire,1,2,Deouker,1480831382
i:130221,Versatile Maelstrom Sapphire,1,3,Deouker,1481682078
i:130221,Versatile Maelstrom Sapphire,1,1,Deouker,1481908047
i:130221,Versatile Maelstrom Sapphire,1,1,Deouker,1483132136
i:130221,Versatile Maelstrom Sapphire,1,1,Deouker,1484769998
i:130221,Versatile Maelstrom Sapphire,1,1,Deouker,1485133799
i:130221,Versatile Maelstrom Sapphire,1,1,Deouker,1485215504
i:130221,Versatile Maelstrom Sapphire,1,1,Deouker,1485716727
i:130221,Versatile Maelstrom Sapphire,1,6,Deouker,1486071668
i:130221,Versatile Maelstrom Sapphire,1,1,Deouker,1486596650
i:130221,Versatile Maelstrom Sapphire,1,2,Deouker,1486627807
i:130221,Versatile Maelstrom Sapphire,1,8,Deouker,1486856402
i:130221,Versatile Maelstrom Sapphire,1,3,Deouker,1487173015
i:130221,Versatile Maelstrom Sapphire,1,1,Deouker,1487202724
i:130221,Versatile Maelstrom Sapphire,1,1,Deouker,1487340697
i:130221,Versatile Maelstrom Sapphire,1,2,Deouker,1487364107
i:130221,Versatile Maelstrom Sapphire,1,2,Deouker,1487639144
i:130221,Versatile Maelstrom Sapphire,1,2,Deouker,1487721118
i:130221,Versatile Maelstrom Sapphire,1,4,Deouker,1487969732
i:130221,Versatile Maelstrom Sapphire,1,1,Deouker,1488286697
i:130221,Versatile Maelstrom Sapphire,1,2,Deouker,1489619391
i:130221,Versatile Maelstrom Sapphire,1,2,Deouker,1489749533
i:130221,Versatile Maelstrom Sapphire,1,1,Deouker,1489967907
i:130221,Versatile Maelstrom Sapphire,1,1,Deouker,1489968245
i:130221,Versatile Maelstrom Sapphire,1,1,Deouker,1490156122
i:130221,Versatile Maelstrom Sapphire,1,1,Deouker,1491091218
i:130221,Versatile Maelstrom Sapphire,1,10,Deouker,1491392727
i:130221,Versatile Maelstrom Sapphire,1,2,Deouker,1492701648
i:130221,Versatile Maelstrom Sapphire,1,1,Deouker,1492808778
i:130221,Versatile Maelstrom Sapphire,1,1,Deouker,1492997950
i:130221,Versatile Maelstrom Sapphire,1,1,Deouker,1493595651
i:130221,Versatile Maelstrom Sapphire,1,45,Deouker,1496751463
i:130221,Versatile Maelstrom Sapphire,1,5,Deouker,1496793760
i:130221,Versatile Maelstrom Sapphire,1,7,Deouker,1497668894
i:130221,Versatile Maelstrom Sapphire,1,10,Deouker,1498180457
i:130221,Versatile Maelstrom Sapphire,1,1,Deouker,1498721823
i:130221,Versatile Maelstrom Sapphire,1,15,Deouker,1498883807
i:130221,Versatile Maelstrom Sapphire,1,20,Deouker,1499137338
i:130221,Versatile Maelstrom Sapphire,1,16,Deouker,1499222226
i:130221,Versatile Maelstrom Sapphire,1,3,Deouker,1499265008
i:130221,Versatile Maelstrom Sapphire,1,5,Deouker,1499366935
i:130221,Versatile Maelstrom Sapphire,1,3,Deouker,1499423414
i:130221,Versatile Maelstrom Sapphire,1,3,Deouker,1499466494
i:130221,Versatile Maelstrom Sapphire,1,8,Deouker,1499698008
i:76682,Veiled Imperial Amethyst,1,1,Deouker,1479674371
i:76682,Veiled Imperial Amethyst,1,1,Deouker,1481799290
i:76682,Veiled Imperial Amethyst,1,4,Deouker,1485378799
i:76682,Veiled Imperial Amethyst,1,1,Deouker,1486071742
i:76682,Veiled Imperial Amethyst,1,1,Deouker,1487639086
i:76682,Veiled Imperial Amethyst,1,1,Deouker,1492808781
i:76682,Veiled Imperial Amethyst,1,1,Deouker,1494016835
i:76682,Veiled Imperial Amethyst,1,1,Deouker,1496926033
i:71867,Mysterious Shadow Spinel,1,1,Deouker,1480640391
i:52217,Veiled Demonseye,1,1,Deouker,1486178959
i:76552,Etched Roguestone,4,4,Deouker,1486178917
i:36923,Chalcedony,1,1,Deouker,1486178942
i:76583,Perfect Radiant Alexandrite,3,3,Deouker,1481895641
i:76583,Perfect Radiant Alexandrite,3,3,Deouker,1482934390
i:76583,Perfect Radiant Alexandrite,1,1,Deouker,1483132161
i:76583,Perfect Radiant Alexandrite,1,1,Deouker,1485378795
i:76583,Perfect Radiant Alexandrite,1,1,Deouker,1486178941
i:115814,Greater Versatility Taladite,1,2,Deouker,1479674350
i:115814,Greater Versatility Taladite,1,1,Deouker,1479839991
i:115814,Greater Versatility Taladite,1,1,Deouker,1485378769
i:76584,Perfect Shattered Alexandrite,1,1,Deouker,1490655518
i:71809,Shadow Spinel,1,1,Deouker,1486632265
i:24048,Smooth Dawnstone,1,1,Deouker,1486178960
i:76619,Perfect Mysterious Roguestone,1,2,Deouker,1481799292
i:76619,Perfect Mysterious Roguestone,1,1,Deouker,1483132177
i:76619,Perfect Mysterious Roguestone,1,1,Deouker,1485378780
i:76619,Perfect Mysterious Roguestone,1,1,Deouker,1485396039
i:76619,Perfect Mysterious Roguestone,1,1,Deouker,1486178956
i:130218,Masterful Queen's Opal,1,4,Deouker,1485378795
i:71850,Reckless Lava Coral,1,1,Deouker,1480640409
i:45862,Bold Stormjewel,1,1,Deouker,1494016852
i:52303,Shadowspirit Diamond,4,4,Deouker,1481163477
i:52303,Shadowspirit Diamond,1,1,Deouker,1481213035
i:52303,Shadowspirit Diamond,1,1,Deouker,1484678238
i:27944,Talisman of True Treasure Tracking,1,1,Deouker,1486178947
i:76734,Serpent's Eye,1,1,Deouker,1481799280
i:76734,Serpent's Eye,1,4,Deouker,1486178934
i:76734,Serpent's Eye,1,3,Deouker,1486394688
i:76684,Etched Imperial Amethyst,1,1,Deouker,1487639069
i:52186,Elementium Bar,10,30,Deouker,1494016833
i:23441,Nightseye,3,3,Deouker,1499366940
i:76888,Revitalizing Primal Diamond,1,1,Deouker,1486178951
i:32221,Veiled Shadowsong Amethyst,1,1,Deouker,1481213019
i:32221,Veiled Shadowsong Amethyst,1,1,Deouker,1481248243
i:32221,Veiled Shadowsong Amethyst,1,1,Deouker,1481799266
i:71866,Etched Shadow Spinel,1,1,Deouker,1480610676
i:71866,Etched Shadow Spinel,1,1,Deouker,1480640394
i:71866,Etched Shadow Spinel,1,1,Deouker,1485939934
i:52210,Defender's Demonseye,1,1,Deouker,1486178950
i:45879,Delicate Stormjewel,2,2,Deouker,1482934255
i:45879,Delicate Stormjewel,1,1,Deouker,1492808839
i:52195,Amberjewel,1,1,Deouker,1480772420
i:68358,Resplendent Ember Topaz,6,6,Deouker,1480354255
i:68358,Resplendent Ember Topaz,1,1,Deouker,1486071734
i:68358,Resplendent Ember Topaz,1,1,Deouker,1486178948
i:11084,Large Glimmering Shard,3,3,Deouker,1481248246
i:130181,Pandemonite,1,1,Deouker,1496751485
i:130181,Pandemonite,1,1,Deouker,1496793762
i:130181,Pandemonite,1,1,Deouker,1499695729
i:71882,Flashing Queen's Garnet,1,1,Deouker,1492808827
i:76593,Perfect Crafty Tiger Opal,1,1,Deouker,1498883796
i:76593,Perfect Crafty Tiger Opal,1,1,Deouker,1499466492
i:76509,Lightning Alexandrite,18,18,Deouker,1494016835
i:40120,Sparkling Majestic Zircon,1,1,Deouker,1485378804
i:40120,Sparkling Majestic Zircon,1,1,Deouker,1486071691
i:40120,Sparkling Majestic Zircon,1,1,Deouker,1486178953
i:40120,Sparkling Majestic Zircon,1,2,Deouker,1492808852
i:76603,Perfect Fierce Tiger Opal,1,1,Deouker,1481799286
i:76603,Perfect Fierce Tiger Opal,1,1,Deouker,1483132172
i:76603,Perfect Fierce Tiger Opal,1,2,Deouker,1485378793
i:76603,Perfect Fierce Tiger Opal,1,1,Deouker,1485396086
i:76603,Perfect Fierce Tiger Opal,1,1,Deouker,1485744490
i:76603,Perfect Fierce Tiger Opal,1,1,Deouker,1486178958
i:76603,Perfect Fierce Tiger Opal,1,1,Deouker,1488351111
i:7909,Aquamarine,1,1,Deouker,1484971436
i:93707,Perfect Nimble Alexandrite,1,1,Deouker,1479674357
i:93707,Perfect Nimble Alexandrite,1,1,Deouker,1481799289
i:93707,Perfect Nimble Alexandrite,1,3,Deouker,1483132153
i:93707,Perfect Nimble Alexandrite,1,1,Deouker,1485378792
i:93707,Perfect Nimble Alexandrite,1,1,Deouker,1486071708
i:76695,Flashing Primordial Ruby,1,1,Deouker,1481213027
i:76695,Flashing Primordial Ruby,1,1,Deouker,1486071672
i:76695,Flashing Primordial Ruby,1,1,Deouker,1487471597
i:52233,Regal Dream Emerald,1,1,Deouker,1486071690
i:52233,Regal Dream Emerald,1,1,Deouker,1486178918
i:52233,Regal Dream Emerald,1,1,Deouker,1487752400
i:76565,Smooth Sunstone,1,2,Deouker,1484971437
i:64670,Vanishing Powder,1,1,Deouker,1480512239
i:52179,Alicite,1,1,Deouker,1486546182
i:52246,Stormy Ocean Sapphire,1,1,Deouker,1486071673
i:52246,Stormy Ocean Sapphire,1,1,Deouker,1486178933
i:113264,Sorcerous Air,9,9,Deouker,1480957764
i:113264,Sorcerous Air,11,55,Deouker,1483132194
i:113264,Sorcerous Air,50,50,Deouker,1488767961
i:71877,Fractured Lightstone,1,1,Deouker,1480772415
i:71877,Fractured Lightstone,1,1,Deouker,1498883830
i:71877,Fractured Lightstone,1,1,Deouker,1499466574
i:76672,Artful Vermilion Onyx,1,1,Deouker,1479674364
i:76672,Artful Vermilion Onyx,1,1,Deouker,1481799306
i:76672,Artful Vermilion Onyx,1,1,Deouker,1483132144
i:76672,Artful Vermilion Onyx,1,1,Deouker,1485378778
i:76672,Artful Vermilion Onyx,1,1,Deouker,1486178958
i:76672,Artful Vermilion Onyx,1,1,Deouker,1487639065
i:76574,Perfect Misty Alexandrite,1,1,Deouker,1481799283
i:76574,Perfect Misty Alexandrite,1,1,Deouker,1483132178
i:76574,Perfect Misty Alexandrite,1,1,Deouker,1485744541
i:76574,Perfect Misty Alexandrite,1,1,Deouker,1486071707
i:52221,Guardian's Demonseye,2,2,Deouker,1485091144
i:52221,Guardian's Demonseye,1,2,Deouker,1485378800
i:52221,Guardian's Demonseye,1,1,Deouker,1486071688
i:52221,Guardian's Demonseye,1,1,Deouker,1486178920
i:32211,Sovereign Shadowsong Amethyst,1,1,Deouker,1481248243
i:93706,Nimble Alexandrite,1,1,Deouker,1480332868
i:76671,Keen Vermilion Onyx,1,1,Deouker,1481799300
i:76671,Keen Vermilion Onyx,1,1,Deouker,1483132155
i:76671,Keen Vermilion Onyx,1,1,Deouker,1485378796
i:76671,Keen Vermilion Onyx,1,1,Deouker,1485716819
i:76671,Keen Vermilion Onyx,1,1,Deouker,1486071697
i:76671,Keen Vermilion Onyx,1,1,Deouker,1486178945
i:76671,Keen Vermilion Onyx,1,1,Deouker,1487202735
i:76671,Keen Vermilion Onyx,1,1,Deouker,1487364097
i:76671,Keen Vermilion Onyx,1,1,Deouker,1487639074
i:76671,Keen Vermilion Onyx,1,1,Deouker,1487721575
i:76671,Keen Vermilion Onyx,1,1,Deouker,1492808785
i:76671,Keen Vermilion Onyx,1,3,Deouker,1497668957
i:76671,Keen Vermilion Onyx,1,1,Deouker,1499466517
i:76640,Misty Wild Jade,1,1,Deouker,1479674371
i:76640,Misty Wild Jade,1,1,Deouker,1485378786
i:76640,Misty Wild Jade,1,1,Deouker,1486071699
i:76640,Misty Wild Jade,1,1,Deouker,1486178949
i:76640,Misty Wild Jade,1,1,Deouker,1487639075
i:76640,Misty Wild Jade,1,1,Deouker,1492808838
i:76640,Misty Wild Jade,1,1,Deouker,1494016845
i:76640,Misty Wild Jade,1,3,Deouker,1497669119
i:76640,Misty Wild Jade,1,1,Deouker,1499466553
i:89680,Assassin's Imperial Amethyst,1,1,Deouker,1483132146
i:89680,Assassin's Imperial Amethyst,1,1,Deouker,1486178962
i:89680,Assassin's Imperial Amethyst,1,3,Deouker,1492808776
i:89680,Assassin's Imperial Amethyst,1,2,Deouker,1494016844
i:89680,Assassin's Imperial Amethyst,1,2,Deouker,1497669045
i:76667,Wicked Vermilion Onyx,1,1,Deouker,1481799289
i:76667,Wicked Vermilion Onyx,1,1,Deouker,1483132187
i:76667,Wicked Vermilion Onyx,1,1,Deouker,1485378766
i:76667,Wicked Vermilion Onyx,1,1,Deouker,1486178960
i:76667,Wicked Vermilion Onyx,1,1,Deouker,1487969896
i:76667,Wicked Vermilion Onyx,1,1,Deouker,1492808776
i:76667,Wicked Vermilion Onyx,1,1,Deouker,1496926033
i:76667,Wicked Vermilion Onyx,1,1,Deouker,1499466535
i:113263,Sorcerous Earth,1,3,Deouker,1479667183
i:113263,Sorcerous Earth,1,1,Deouker,1484678253
i:113263,Sorcerous Earth,10,50,Deouker,1485378772
i:113263,Sorcerous Earth,1,1,Deouker,1487639116
i:52182,Jasper,1,6,Deouker,1496751461
i:34831,Eye of the Sea,1,1,Deouker,1495416189
i:52296,Ember Shadowspirit Diamond,3,3,Deouker,1490891648
i:23079,Deep Peridot,1,1,Deouker,1486178921
i:76572,Perfect Sparkling Lapis Lazuli,1,1,Deouker,1479674354
i:76572,Perfect Sparkling Lapis Lazuli,1,1,Deouker,1481908050
i:76572,Perfect Sparkling Lapis Lazuli,1,1,Deouker,1485296203
i:76572,Perfect Sparkling Lapis Lazuli,1,1,Deouker,1485716800
i:76572,Perfect Sparkling Lapis Lazuli,1,1,Deouker,1486071757
i:76572,Perfect Sparkling Lapis Lazuli,1,1,Deouker,1486178919
i:76572,Perfect Sparkling Lapis Lazuli,1,1,Deouker,1487202651
i:76572,Perfect Sparkling Lapis Lazuli,1,1,Deouker,1487639125
i:76572,Perfect Sparkling Lapis Lazuli,1,1,Deouker,1492808852
i:76576,Perfect Lightning Alexandrite,1,1,Deouker,1481799284
i:76576,Perfect Lightning Alexandrite,1,1,Deouker,1483132175
i:76576,Perfect Lightning Alexandrite,1,1,Deouker,1485378788
i:76576,Perfect Lightning Alexandrite,1,1,Deouker,1486071707
i:76576,Perfect Lightning Alexandrite,1,1,Deouker,1487202778
i:76576,Perfect Lightning Alexandrite,1,1,Deouker,1487364093
i:76576,Perfect Lightning Alexandrite,1,1,Deouker,1492808844
i:76576,Perfect Lightning Alexandrite,1,1,Deouker,1499466512
i:76612,Perfect Splendid Tiger Opal,7,7,Deouker,1499142768
i:71829,Vivid Elven Peridot,1,1,Deouker,1494184728
i:71829,Vivid Elven Peridot,4,4,Deouker,1498150744
i:71829,Vivid Elven Peridot,1,3,Deouker,1498180449
i:118338,Super Cooling Coolant,1,1,Deouker,1493825451
i:89676,Perfect Tense Roguestone,2,2,Deouker,1489749488
i:89676,Perfect Tense Roguestone,2,2,Deouker,1490305061
i:89676,Perfect Tense Roguestone,2,2,Deouker,1490493129
i:89676,Perfect Tense Roguestone,2,2,Deouker,1490650457
i:89676,Perfect Tense Roguestone,1,1,Deouker,1492808835
i:76587,Perfect Regal Alexandrite,1,1,Deouker,1481799289
i:76587,Perfect Regal Alexandrite,1,1,Deouker,1483132160
i:76587,Perfect Regal Alexandrite,1,1,Deouker,1485378792
i:76587,Perfect Regal Alexandrite,1,1,Deouker,1486178937
i:76587,Perfect Regal Alexandrite,1,1,Deouker,1487639079
i:76587,Perfect Regal Alexandrite,1,1,Deouker,1499466534
i:9262,Black Vitriol,2,4,Deouker,1479674382
i:71870,Guardian's Shadow Spinel,1,1,Deouker,1492808836
i:71870,Guardian's Shadow Spinel,1,1,Deouker,1495577747
i:71826,Infused Elven Peridot,1,1,Deouker,1485378768
i:71826,Infused Elven Peridot,1,1,Deouker,1492808810
i:71834,Jagged Elven Peridot,1,1,Deouker,1484875131
i:52214,Fierce Ember Topaz,1,1,Deouker,1485641117
i:52214,Fierce Ember Topaz,2,2,Deouker,1487601545
i:52214,Fierce Ember Topaz,1,1,Deouker,1487969795
i:52214,Fierce Ember Topaz,1,1,Deouker,1488350725
i:76641,Piercing Wild Jade,1,1,Deouker,1481799281
i:76641,Piercing Wild Jade,1,1,Deouker,1485378803
i:76641,Piercing Wild Jade,1,1,Deouker,1486178946
i:76641,Piercing Wild Jade,1,1,Deouker,1486546109
i:76641,Piercing Wild Jade,1,1,Deouker,1489222472
i:76641,Piercing Wild Jade,1,2,Deouker,1490156119
i:76641,Piercing Wild Jade,1,1,Deouker,1492808829
i:76641,Piercing Wild Jade,1,1,Deouker,1499466536
i:53038,Obsidium Ore,1,1,Deouker,1481478956
i:76677,Willful Vermilion Onyx,1,1,Deouker,1480640407
i:76677,Willful Vermilion Onyx,1,1,Deouker,1480772422
i:76677,Willful Vermilion Onyx,1,1,Deouker,1485378792
i:76677,Willful Vermilion Onyx,1,2,Deouker,1485716815
i:76677,Willful Vermilion Onyx,1,1,Deouker,1485878420
i:76677,Willful Vermilion Onyx,1,3,Deouker,1486071744
i:76677,Willful Vermilion Onyx,1,2,Deouker,1486178941
i:76677,Willful Vermilion Onyx,1,1,Deouker,1487364077
i:76677,Willful Vermilion Onyx,1,1,Deouker,1487639088
i:76677,Willful Vermilion Onyx,1,1,Deouker,1487648084
i:76677,Willful Vermilion Onyx,1,1,Deouker,1489222451
i:76677,Willful Vermilion Onyx,1,1,Deouker,1490156112
i:76677,Willful Vermilion Onyx,1,1,Deouker,1492808804
i:76677,Willful Vermilion Onyx,1,1,Deouker,1496926026
i:40129,Sovereign Dreadstone,1,1,Deouker,1483132138
i:40129,Sovereign Dreadstone,1,1,Deouker,1485378768
i:40129,Sovereign Dreadstone,1,1,Deouker,1486071692
i:40129,Sovereign Dreadstone,1,1,Deouker,1486178950
i:40129,Sovereign Dreadstone,1,1,Deouker,1492808833
i:40157,Glinting Dreadstone,1,2,Deouker,1492808773
i:40152,Potent Ametrine,1,1,Deouker,1481799270
i:40152,Potent Ametrine,1,1,Deouker,1483132190
i:40152,Potent Ametrine,1,2,Deouker,1492808836
i:76524,Puissant Alexandrite,1,2,Deouker,1492808801
i:52250,Zen Dream Emerald,1,1,Deouker,1486071674
i:52250,Zen Dream Emerald,1,1,Deouker,1486178957
i:52250,Zen Dream Emerald,3,3,Deouker,1487615028
i:52250,Zen Dream Emerald,1,1,Deouker,1492808839
i:32217,Inscribed Pyrestone,1,2,Deouker,1480640394
i:32217,Inscribed Pyrestone,1,1,Deouker,1499466539
i:76699,Quick Sun's Radiance,1,1,Deouker,1479674359
i:76699,Quick Sun's Radiance,1,1,Deouker,1479902931
i:76699,Quick Sun's Radiance,1,1,Deouker,1480640387
i:76699,Quick Sun's Radiance,1,1,Deouker,1480869573
i:76699,Quick Sun's Radiance,1,1,Deouker,1480936355
i:76699,Quick Sun's Radiance,1,1,Deouker,1481645644
i:76699,Quick Sun's Radiance,1,2,Deouker,1481682159
i:76699,Quick Sun's Radiance,1,1,Deouker,1481799281
i:76699,Quick Sun's Radiance,1,1,Deouker,1483132180
i:76699,Quick Sun's Radiance,1,2,Deouker,1485296152
i:76699,Quick Sun's Radiance,1,1,Deouker,1485716835
i:76699,Quick Sun's Radiance,1,2,Deouker,1486178946
i:76699,Quick Sun's Radiance,1,1,Deouker,1487364088
i:76699,Quick Sun's Radiance,1,1,Deouker,1487471613
i:76699,Quick Sun's Radiance,1,1,Deouker,1487969968
i:76699,Quick Sun's Radiance,1,1,Deouker,1490655241
i:76699,Quick Sun's Radiance,1,1,Deouker,1492808800
i:41450,Perfect Shifting Shadow Crystal,1,1,Deouker,1486178915
i:76585,Perfect Energized Alexandrite,1,1,Deouker,1479674356
i:76585,Perfect Energized Alexandrite,1,1,Deouker,1481799296
i:76585,Perfect Energized Alexandrite,1,1,Deouker,1483132170
i:76585,Perfect Energized Alexandrite,1,1,Deouker,1485378798
i:76585,Perfect Energized Alexandrite,1,1,Deouker,1486071701
i:76522,Forceful Alexandrite,1,1,Deouker,1484971325
i:76586,Perfect Jagged Alexandrite,1,1,Deouker,1481799294
i:76586,Perfect Jagged Alexandrite,1,1,Deouker,1483132174
i:76586,Perfect Jagged Alexandrite,1,1,Deouker,1485378798
i:76586,Perfect Jagged Alexandrite,1,1,Deouker,1486071705
i:24058,Inscribed Noble Topaz,1,1,Deouker,1492808808
i:76590,Perfect Puissant Alexandrite,1,1,Deouker,1492808843
i:76637,Stormy River's Heart,1,1,Deouker,1479902941
i:76637,Stormy River's Heart,1,1,Deouker,1480869600
i:76637,Stormy River's Heart,1,1,Deouker,1481645677
i:76637,Stormy River's Heart,1,1,Deouker,1481682119
i:76637,Stormy River's Heart,1,1,Deouker,1481799279
i:76637,Stormy River's Heart,1,1,Deouker,1485878414
i:76637,Stormy River's Heart,1,1,Deouker,1486071740
i:76637,Stormy River's Heart,1,1,Deouker,1487364076
i:76637,Stormy River's Heart,1,1,Deouker,1490575300
i:76637,Stormy River's Heart,1,1,Deouker,1490655350
i:76637,Stormy River's Heart,1,1,Deouker,1492808839
i:76607,Perfect Fine Tiger Opal,4,4,Deouker,1481454715
i:76607,Perfect Fine Tiger Opal,1,2,Deouker,1481799284
i:76607,Perfect Fine Tiger Opal,1,1,Deouker,1483132172
i:76607,Perfect Fine Tiger Opal,1,1,Deouker,1485378766
i:76607,Perfect Fine Tiger Opal,1,1,Deouker,1486071702
i:76607,Perfect Fine Tiger Opal,1,1,Deouker,1487639099
i:76642,Lightning Wild Jade,1,1,Deouker,1479665627
i:76642,Lightning Wild Jade,1,1,Deouker,1479839983
i:76642,Lightning Wild Jade,1,1,Deouker,1479902938
i:76642,Lightning Wild Jade,1,1,Deouker,1483132157
i:76642,Lightning Wild Jade,1,1,Deouker,1485296122
i:76642,Lightning Wild Jade,1,1,Deouker,1485716829
i:76642,Lightning Wild Jade,1,1,Deouker,1486178937
i:76642,Lightning Wild Jade,1,1,Deouker,1487639108
i:76642,Lightning Wild Jade,1,1,Deouker,1487645130
i:76642,Lightning Wild Jade,1,1,Deouker,1487969940
i:76642,Lightning Wild Jade,1,1,Deouker,1497669051
i:76665,Champion's Vermilion Onyx,1,1,Deouker,1480869577
i:76665,Champion's Vermilion Onyx,2,2,Deouker,1482934263
i:76665,Champion's Vermilion Onyx,2,2,Deouker,1483132112
i:76665,Champion's Vermilion Onyx,2,2,Deouker,1483539068
i:76665,Champion's Vermilion Onyx,1,1,Deouker,1484971425
i:76665,Champion's Vermilion Onyx,1,1,Deouker,1485378769
i:76665,Champion's Vermilion Onyx,1,1,Deouker,1485716856
i:76665,Champion's Vermilion Onyx,1,1,Deouker,1486178955
i:76665,Champion's Vermilion Onyx,1,3,Deouker,1487202673
i:76665,Champion's Vermilion Onyx,1,1,Deouker,1487639122
i:76665,Champion's Vermilion Onyx,1,1,Deouker,1489222466
i:76665,Champion's Vermilion Onyx,1,1,Deouker,1490156137
i:36932,Dark Jade,1,2,Deouker,1486178935
i:71806,Lightstone,1,1,Deouker,1491328970
i:76615,Perfect Accurate Roguestone,1,1,Deouker,1481799297
i:76615,Perfect Accurate Roguestone,1,1,Deouker,1483132162
i:76615,Perfect Accurate Roguestone,1,1,Deouker,1485296125
i:76615,Perfect Accurate Roguestone,1,2,Deouker,1485378782
i:76615,Perfect Accurate Roguestone,1,1,Deouker,1486071699
i:76615,Perfect Accurate Roguestone,1,1,Deouker,1486178912
i:76690,Defender's Imperial Amethyst,1,1,Deouker,1481799303
i:76690,Defender's Imperial Amethyst,1,1,Deouker,1483132150
i:76690,Defender's Imperial Amethyst,1,1,Deouker,1486178944
i:76690,Defender's Imperial Amethyst,1,1,Deouker,1487639066
i:76690,Defender's Imperial Amethyst,1,1,Deouker,1492808775
i:45881,Sparkling Stormjewel,1,1,Deouker,1487441090
i:76132,Primal Diamond,1,1,Deouker,1479839998
i:76132,Primal Diamond,1,1,Deouker,1486178933
i:76662,Polished Vermilion Onyx,1,1,Deouker,1481682180
i:76662,Polished Vermilion Onyx,1,2,Deouker,1481799279
i:76662,Polished Vermilion Onyx,1,1,Deouker,1481907976
i:76662,Polished Vermilion Onyx,1,1,Deouker,1483132176
i:76662,Polished Vermilion Onyx,1,1,Deouker,1485378795
i:76662,Polished Vermilion Onyx,1,1,Deouker,1489222489
i:76662,Polished Vermilion Onyx,1,1,Deouker,1490156127
i:76662,Polished Vermilion Onyx,1,1,Deouker,1499466528
i:71868,Purified Shadow Spinel,1,1,Deouker,1480640409
i:71868,Purified Shadow Spinel,1,1,Deouker,1480772416
i:3860,Mithril Bar,8,8,Deouker,1479674377
i:3860,Mithril Bar,1,1,Deouker,1479839983
i:28118,Brilliant Ornate Ruby,1,1,Deouker,1495416198
i:41396,Eternal Earthsiege Diamond,1,1,Deouker,1479902939
i:22460,Prismatic Sphere,1,1,Deouker,1481799266
i:76666,Deft Vermilion Onyx,1,2,Deouker,1481799303
i:76666,Deft Vermilion Onyx,1,1,Deouker,1483132149
i:76666,Deft Vermilion Onyx,1,1,Deouker,1492808781
i:76666,Deft Vermilion Onyx,1,1,Deouker,1494016843
i:109128,Nagrand Arrowbloom,10,20,Deouker,1479674350
i:109128,Nagrand Arrowbloom,31,31,Deouker,1479674380
i:109128,Nagrand Arrowbloom,10,130,Deouker,1479839973
i:109128,Nagrand Arrowbloom,10,30,Deouker,1480640385
i:109128,Nagrand Arrowbloom,10,20,Deouker,1481221380
i:109128,Nagrand Arrowbloom,10,50,Deouker,1481248229
i:109128,Nagrand Arrowbloom,10,30,Deouker,1485378766
i:109128,Nagrand Arrowbloom,10,210,Deouker,1486178940
i:109128,Nagrand Arrowbloom,10,50,Deouker,1487364099
i:109128,Nagrand Arrowbloom,10,60,Deouker,1487639145
i:109128,Nagrand Arrowbloom,10,10,Deouker,1487721127
i:109128,Nagrand Arrowbloom,10,150,Deouker,1487752385
i:109128,Nagrand Arrowbloom,10,20,Deouker,1487969692
i:109128,Nagrand Arrowbloom,20,20,Deouker,1492644331
i:109128,Nagrand Arrowbloom,30,120,Deouker,1494016863
i:109128,Nagrand Arrowbloom,30,420,Deouker,1496884976
i:109128,Nagrand Arrowbloom,30,510,Deouker,1496926013
i:109128,Nagrand Arrowbloom,30,30,Deouker,1497662787
i:109128,Nagrand Arrowbloom,30,180,Deouker,1497994248
i:109128,Nagrand Arrowbloom,30,300,Deouker,1499649557
i:76676,Tenuous Vermilion Onyx,1,1,Deouker,1479846137
i:76676,Tenuous Vermilion Onyx,1,1,Deouker,1480831402
i:76676,Tenuous Vermilion Onyx,1,1,Deouker,1481799275
i:76676,Tenuous Vermilion Onyx,1,1,Deouker,1481907970
i:76676,Tenuous Vermilion Onyx,1,1,Deouker,1485378790
i:76676,Tenuous Vermilion Onyx,1,1,Deouker,1487639086
i:76676,Tenuous Vermilion Onyx,1,1,Deouker,1492808835
i:76676,Tenuous Vermilion Onyx,1,1,Deouker,1494016841
i:32224,Radiant Seaspray Emerald,1,1,Deouker,1499466571
i:71819,Sparkling Deepholm Iolite,1,1,Deouker,1490281731
i:76669,Fierce Vermilion Onyx,1,1,Deouker,1487364099
i:76669,Fierce Vermilion Onyx,1,1,Deouker,1487639069
i:76669,Fierce Vermilion Onyx,1,1,Deouker,1487721585
i:76669,Fierce Vermilion Onyx,1,1,Deouker,1487969780
i:76669,Fierce Vermilion Onyx,1,1,Deouker,1489222469
i:76669,Fierce Vermilion Onyx,1,1,Deouker,1490655463
i:76669,Fierce Vermilion Onyx,1,2,Deouker,1492808786
i:52212,Delicate Inferno Ruby,1,1,Deouker,1481163489
i:52212,Delicate Inferno Ruby,1,1,Deouker,1486178942
i:52212,Delicate Inferno Ruby,1,1,Deouker,1487969799
i:52212,Delicate Inferno Ruby,1,4,Deouker,1490156116
i:76648,Turbid Wild Jade,1,1,Deouker,1479902938
i:76648,Turbid Wild Jade,1,1,Deouker,1492808841
i:76648,Turbid Wild Jade,1,2,Deouker,1494016846
p:1706:1:3,Ashmaw Cub,1,2,Deouker,1496693769
i:52300,Enigmatic Shadowspirit Diamond,1,2,Deouker,1497024546
i:52300,Enigmatic Shadowspirit Diamond,1,1,Deouker,1498883800
i:76659,Crafty Vermilion Onyx,1,1,Deouker,1480640407
i:76659,Crafty Vermilion Onyx,1,1,Deouker,1480831446
i:76659,Crafty Vermilion Onyx,1,1,Deouker,1480869595
i:76659,Crafty Vermilion Onyx,1,1,Deouker,1480936359
i:76659,Crafty Vermilion Onyx,1,1,Deouker,1481163478
i:76659,Crafty Vermilion Onyx,1,1,Deouker,1481213018
i:76659,Crafty Vermilion Onyx,1,1,Deouker,1481294841
i:76659,Crafty Vermilion Onyx,1,1,Deouker,1481682329
i:76659,Crafty Vermilion Onyx,1,1,Deouker,1481799303
i:76659,Crafty Vermilion Onyx,1,2,Deouker,1497669144
i:76659,Crafty Vermilion Onyx,1,1,Deouker,1499466526
i:115504,Fractured Temporal Crystal,1,2,Deouker,1479839998
i:12364,Huge Emerald,1,1,Deouker,1486178931
i:52207,Brilliant Inferno Ruby,1,1,Deouker,1486178976
i:52207,Brilliant Inferno Ruby,1,1,Deouker,1487639122
i:71807,Deepholm Iolite,1,1,Deouker,1485055331
i:76626,Perfect Delicate Pandarian Garnet,4,4,Deouker,1481454708
i:76626,Perfect Delicate Pandarian Garnet,1,1,Deouker,1486178939
i:71843,Inscribed Lava Coral,1,1,Deouker,1485055545
i:36926,Shadow Crystal,1,2,Deouker,1486178961
i:11139,Large Glowing Shard,1,4,Deouker,1481213016
i:11139,Large Glowing Shard,1,4,Deouker,1481248233
i:71842,Potent Lava Coral,1,2,Deouker,1480640412
i:76589,Perfect Confounded Alexandrite,1,1,Deouker,1481799298
i:76589,Perfect Confounded Alexandrite,1,1,Deouker,1483132167
i:76589,Perfect Confounded Alexandrite,1,2,Deouker,1485378807
i:76589,Perfect Confounded Alexandrite,1,1,Deouker,1486178958
i:76589,Perfect Confounded Alexandrite,1,1,Deouker,1494016839
i:76571,Perfect Stormy Lapis Lazuli,1,1,Deouker,1479674356
i:76571,Perfect Stormy Lapis Lazuli,1,1,Deouker,1481645615
i:76571,Perfect Stormy Lapis Lazuli,1,1,Deouker,1481799283
i:76571,Perfect Stormy Lapis Lazuli,1,3,Deouker,1483132170
i:76571,Perfect Stormy Lapis Lazuli,1,1,Deouker,1486178956
i:76571,Perfect Stormy Lapis Lazuli,1,1,Deouker,1487364092
i:76571,Perfect Stormy Lapis Lazuli,1,1,Deouker,1487639109
i:40155,Reckless Ametrine,1,1,Deouker,1481799268
i:40155,Reckless Ametrine,1,1,Deouker,1481908054
i:40155,Reckless Ametrine,1,1,Deouker,1483132193
i:40155,Reckless Ametrine,1,2,Deouker,1492808783
i:40155,Reckless Ametrine,1,1,Deouker,1494016840
i:76588,Perfect Forceful Alexandrite,1,2,Deouker,1481799293
i:76588,Perfect Forceful Alexandrite,1,1,Deouker,1483132174
i:76588,Perfect Forceful Alexandrite,1,1,Deouker,1485378787
i:76588,Perfect Forceful Alexandrite,1,1,Deouker,1486071705
i:76588,Perfect Forceful Alexandrite,1,1,Deouker,1487364095
i:76657,Steady Wild Jade,1,1,Deouker,1480831410
i:76657,Steady Wild Jade,1,1,Deouker,1480869589
i:76657,Steady Wild Jade,1,2,Deouker,1480957768
i:76657,Steady Wild Jade,1,1,Deouker,1485378786
i:76657,Steady Wild Jade,1,1,Deouker,1486071741
i:76657,Steady Wild Jade,1,1,Deouker,1486178957
i:76657,Steady Wild Jade,1,1,Deouker,1490281689
i:76657,Steady Wild Jade,1,1,Deouker,1492808836
i:76657,Steady Wild Jade,1,1,Deouker,1494016852
i:76675,Lucent Vermilion Onyx,1,1,Deouker,1481799287
i:76675,Lucent Vermilion Onyx,1,1,Deouker,1483132157
i:76675,Lucent Vermilion Onyx,1,1,Deouker,1486178931
i:76675,Lucent Vermilion Onyx,1,1,Deouker,1487639076
i:76675,Lucent Vermilion Onyx,1,1,Deouker,1492808839
i:76660,Potent Vermilion Onyx,1,2,Deouker,1481799279
i:76660,Potent Vermilion Onyx,1,1,Deouker,1483132178
i:76660,Potent Vermilion Onyx,1,1,Deouker,1485378776
i:76660,Potent Vermilion Onyx,1,1,Deouker,1486178955
i:76660,Potent Vermilion Onyx,1,1,Deouker,1487202716
i:76660,Potent Vermilion Onyx,1,1,Deouker,1487364090
i:76660,Potent Vermilion Onyx,1,1,Deouker,1487639112
i:76660,Potent Vermilion Onyx,1,2,Deouker,1487721280
i:76660,Potent Vermilion Onyx,1,1,Deouker,1490156126
i:76660,Potent Vermilion Onyx,1,1,Deouker,1492808774
i:76660,Potent Vermilion Onyx,1,2,Deouker,1497668921
i:76660,Potent Vermilion Onyx,1,1,Deouker,1499466523
i:76693,Precise Primordial Ruby,2,2,Deouker,1479839989
i:76693,Precise Primordial Ruby,8,8,Deouker,1481102705
i:76693,Precise Primordial Ruby,1,1,Deouker,1481163477
i:76693,Precise Primordial Ruby,1,1,Deouker,1481213013
i:76693,Precise Primordial Ruby,1,1,Deouker,1481645612
i:76693,Precise Primordial Ruby,1,1,Deouker,1481682170
i:76693,Precise Primordial Ruby,1,1,Deouker,1485296151
i:76693,Precise Primordial Ruby,1,1,Deouker,1486071684
i:76693,Precise Primordial Ruby,1,1,Deouker,1486178955
i:76693,Precise Primordial Ruby,1,1,Deouker,1486546302
i:76693,Precise Primordial Ruby,1,1,Deouker,1487471622
i:76693,Precise Primordial Ruby,1,1,Deouker,1487639112
i:76693,Precise Primordial Ruby,1,1,Deouker,1490655867
i:12361,Blue Sapphire,1,6,Deouker,1483132111
i:12361,Blue Sapphire,1,1,Deouker,1486178952
i:76614,Perfect Glinting Roguestone,1,1,Deouker,1480364846
i:76614,Perfect Glinting Roguestone,1,1,Deouker,1492808791
i:76548,Glinting Roguestone,1,4,Deouker,1494016832
i:76138,River's Heart,1,1,Deouker,1486071756
i:76138,River's Heart,1,1,Deouker,1486178945
i:76697,Smooth Sun's Radiance,1,1,Deouker,1479674356
i:76697,Smooth Sun's Radiance,1,1,Deouker,1479839996
i:76697,Smooth Sun's Radiance,1,1,Deouker,1480640404
i:76697,Smooth Sun's Radiance,1,1,Deouker,1480869602
i:76697,Smooth Sun's Radiance,1,2,Deouker,1480936358
i:76697,Smooth Sun's Radiance,1,1,Deouker,1480957760
i:76697,Smooth Sun's Radiance,1,1,Deouker,1486178944
i:76697,Smooth Sun's Radiance,1,1,Deouker,1487202791
i:76697,Smooth Sun's Radiance,1,1,Deouker,1487364080
i:76697,Smooth Sun's Radiance,1,1,Deouker,1487471611
i:76697,Smooth Sun's Radiance,1,1,Deouker,1487645170
i:76697,Smooth Sun's Radiance,1,1,Deouker,1489222474
i:76697,Smooth Sun's Radiance,1,1,Deouker,1490156111
i:76683,Retaliating Imperial Amethyst,1,1,Deouker,1480640408
i:76683,Retaliating Imperial Amethyst,1,1,Deouker,1480772426
i:76683,Retaliating Imperial Amethyst,1,2,Deouker,1480831415
i:76683,Retaliating Imperial Amethyst,1,1,Deouker,1480957749
i:76683,Retaliating Imperial Amethyst,1,1,Deouker,1486071674
i:76683,Retaliating Imperial Amethyst,1,1,Deouker,1486178841
i:76683,Retaliating Imperial Amethyst,1,1,Deouker,1487202786
i:76683,Retaliating Imperial Amethyst,1,1,Deouker,1487639085
i:76683,Retaliating Imperial Amethyst,1,1,Deouker,1487648091
i:76683,Retaliating Imperial Amethyst,1,1,Deouker,1489222448
i:76683,Retaliating Imperial Amethyst,1,1,Deouker,1492808809
i:76683,Retaliating Imperial Amethyst,1,1,Deouker,1497669230
i:76683,Retaliating Imperial Amethyst,1,1,Deouker,1499466580
i:35759,Forceful Seaspray Emerald,1,1,Deouker,1483132134
i:76658,Deadly Vermilion Onyx,1,1,Deouker,1480281648
i:76658,Deadly Vermilion Onyx,1,1,Deouker,1492808806
i:76658,Deadly Vermilion Onyx,1,1,Deouker,1498883828
i:76658,Deadly Vermilion Onyx,1,1,Deouker,1499466514
i:52299,Powerful Shadowspirit Diamond,1,1,Deouker,1498883802
i:52213,Etched Demonseye,1,1,Deouker,1486178958
i:76630,Perfect Bold Pandarian Garnet,1,1,Deouker,1483132164
i:76630,Perfect Bold Pandarian Garnet,1,1,Deouker,1485395962
i:76630,Perfect Bold Pandarian Garnet,1,1,Deouker,1486071701
i:76630,Perfect Bold Pandarian Garnet,1,1,Deouker,1487639079
i:76630,Perfect Bold Pandarian Garnet,1,1,Deouker,1487721484
i:52223,Jagged Dream Emerald,1,1,Deouker,1486178961
i:52223,Jagged Dream Emerald,4,4,Deouker,1487601701
i:52223,Jagged Dream Emerald,1,1,Deouker,1488350952
i:32198,Subtle Lionseye,1,1,Deouker,1481163484
i:32198,Subtle Lionseye,1,1,Deouker,1483132139
i:32198,Subtle Lionseye,1,1,Deouker,1486178964
i:32198,Subtle Lionseye,1,1,Deouker,1487639063
i:76645,Zen Wild Jade,1,1,Deouker,1479674375
i:76645,Zen Wild Jade,1,1,Deouker,1479846145
i:76645,Zen Wild Jade,1,1,Deouker,1480831392
i:76645,Zen Wild Jade,1,1,Deouker,1480958068
i:76645,Zen Wild Jade,1,1,Deouker,1483132186
i:76645,Zen Wild Jade,1,1,Deouker,1485378797
i:76645,Zen Wild Jade,1,1,Deouker,1487639088
i:76645,Zen Wild Jade,1,1,Deouker,1492808850
i:76634,Perfect Fractured Sunstone,1,1,Deouker,1481799293
i:76634,Perfect Fractured Sunstone,1,1,Deouker,1485378776
i:76634,Perfect Fractured Sunstone,1,1,Deouker,1486071705
i:76634,Perfect Fractured Sunstone,1,1,Deouker,1486178960
i:76653,Regal Wild Jade,1,1,Deouker,1483132180
i:76653,Regal Wild Jade,1,1,Deouker,1484678193
i:76653,Regal Wild Jade,1,1,Deouker,1485378798
i:76653,Regal Wild Jade,1,1,Deouker,1487364085
i:76653,Regal Wild Jade,1,1,Deouker,1487639083
i:76653,Regal Wild Jade,1,1,Deouker,1487645113
i:76653,Regal Wild Jade,1,1,Deouker,1487969760
i:76653,Regal Wild Jade,1,1,Deouker,1492808846
i:76653,Regal Wild Jade,1,1,Deouker,1499466561
i:41469,Perfect Lightning Dark Jade,1,1,Deouker,1492808829
i:76679,Resplendent Vermilion Onyx,1,1,Deouker,1480640408
i:76679,Resplendent Vermilion Onyx,1,1,Deouker,1480831422
i:76679,Resplendent Vermilion Onyx,1,1,Deouker,1481799293
i:76679,Resplendent Vermilion Onyx,1,1,Deouker,1485378786
i:76679,Resplendent Vermilion Onyx,1,1,Deouker,1485716822
i:76679,Resplendent Vermilion Onyx,1,1,Deouker,1486071735
i:76679,Resplendent Vermilion Onyx,1,2,Deouker,1486178951
i:76679,Resplendent Vermilion Onyx,1,1,Deouker,1487639085
i:76679,Resplendent Vermilion Onyx,1,1,Deouker,1487721527
i:76679,Resplendent Vermilion Onyx,1,1,Deouker,1489222487
i:76679,Resplendent Vermilion Onyx,1,1,Deouker,1496926026
i:76679,Resplendent Vermilion Onyx,1,1,Deouker,1499466515
i:35760,Reckless Pyrestone,1,1,Deouker,1499366937
i:76652,Jagged Wild Jade,1,1,Deouker,1492808848
i:76886,Reverberating Primal Diamond,1,1,Deouker,1479839982
i:76886,Reverberating Primal Diamond,1,1,Deouker,1480957753
i:76606,Perfect Artful Tiger Opal,1,1,Deouker,1481799288
i:76606,Perfect Artful Tiger Opal,1,1,Deouker,1485378792
i:52206,Bold Inferno Ruby,1,1,Deouker,1484336628
i:52206,Bold Inferno Ruby,1,1,Deouker,1485378761
i:52206,Bold Inferno Ruby,1,1,Deouker,1487639090
i:52206,Bold Inferno Ruby,1,1,Deouker,1487969806
i:52206,Bold Inferno Ruby,1,1,Deouker,1489222490
i:24032,Subtle Dawnstone,4,4,Deouker,1485378784
i:52239,Potent Ember Topaz,5,5,Deouker,1484336624
i:52239,Potent Ember Topaz,1,1,Deouker,1486178946
i:52239,Potent Ember Topaz,1,1,Deouker,1488351428
i:76575,Perfect Piercing Alexandrite,1,1,Deouker,1481799289
i:76575,Perfect Piercing Alexandrite,1,2,Deouker,1483132157
i:76575,Perfect Piercing Alexandrite,1,1,Deouker,1485378801
i:76575,Perfect Piercing Alexandrite,1,1,Deouker,1486178947
i:76575,Perfect Piercing Alexandrite,1,2,Deouker,1499466507
i:52238,Shifting Demonseye,1,1,Deouker,1480640397
i:52238,Shifting Demonseye,1,1,Deouker,1486178974
i:76133,Lapis Lazuli,3,42,Deouker,1492808858
i:52245,Steady Dream Emerald,10,10,Deouker,1485253927
i:52245,Steady Dream Emerald,1,1,Deouker,1485378765
i:76643,Sensei's Wild Jade,1,1,Deouker,1479839998
i:76643,Sensei's Wild Jade,1,1,Deouker,1481799293
i:76643,Sensei's Wild Jade,1,1,Deouker,1487639104
i:76643,Sensei's Wild Jade,1,1,Deouker,1487969906
i:76643,Sensei's Wild Jade,1,1,Deouker,1492808842
i:76643,Sensei's Wild Jade,1,1,Deouker,1497669073
i:76643,Sensei's Wild Jade,1,1,Deouker,1499466541
i:76638,Sparkling River's Heart,1,1,Deouker,1480936356
i:76638,Sparkling River's Heart,1,1,Deouker,1480944732
i:76638,Sparkling River's Heart,1,1,Deouker,1481213035
i:76638,Sparkling River's Heart,1,1,Deouker,1481248272
i:76638,Sparkling River's Heart,1,2,Deouker,1481682136
i:76638,Sparkling River's Heart,1,1,Deouker,1483132184
i:76638,Sparkling River's Heart,1,1,Deouker,1485296249
i:76638,Sparkling River's Heart,1,1,Deouker,1486178948
i:76638,Sparkling River's Heart,1,1,Deouker,1487364079
i:76638,Sparkling River's Heart,1,1,Deouker,1487471605
i:76638,Sparkling River's Heart,1,1,Deouker,1489222467
i:76638,Sparkling River's Heart,1,2,Deouker,1490655291
i:76638,Sparkling River's Heart,1,1,Deouker,1492808830
i:76638,Sparkling River's Heart,1,1,Deouker,1499466503
i:40177,Lightning Eye of Zul,1,1,Deouker,1486178954
i:40177,Lightning Eye of Zul,1,1,Deouker,1492808846
i:40177,Lightning Eye of Zul,1,1,Deouker,1493914341
i:40177,Lightning Eye of Zul,1,1,Deouker,1494016848
i:52208,Reckless Ember Topaz,1,1,Deouker,1484971312
i:52208,Reckless Ember Topaz,1,1,Deouker,1486071759
i:52208,Reckless Ember Topaz,1,1,Deouker,1486178919
i:52208,Reckless Ember Topaz,1,1,Deouker,1487639132
i:52208,Reckless Ember Topaz,1,1,Deouker,1487752402
i:23077,Blood Garnet,1,1,Deouker,1481213027
i:23077,Blood Garnet,1,1,Deouker,1481294841
i:23077,Blood Garnet,1,1,Deouker,1486178942
i:76625,Perfect Sovereign Roguestone,1,2,Deouker,1481799285
i:76625,Perfect Sovereign Roguestone,1,1,Deouker,1483132167
i:76625,Perfect Sovereign Roguestone,1,1,Deouker,1485378776
i:76625,Perfect Sovereign Roguestone,1,1,Deouker,1485396100
i:76625,Perfect Sovereign Roguestone,1,1,Deouker,1485744615
i:76625,Perfect Sovereign Roguestone,1,1,Deouker,1488351335
i:130222,Masterful Shadowruby,1,1,Deouker,1480281637
i:130222,Masterful Shadowruby,6,6,Deouker,1481404317
i:130222,Masterful Shadowruby,1,1,Deouker,1481682204
i:130222,Masterful Shadowruby,1,1,Deouker,1485478442
i:130222,Masterful Shadowruby,1,6,Deouker,1498240680
i:130222,Masterful Shadowruby,1,5,Deouker,1498258420
i:130222,Masterful Shadowruby,1,1,Deouker,1499699358
i:31868,Deadly Noble Topaz,2,2,Deouker,1483707453
i:130215,Deadly Deep Amber,1,1,Deouker,1485378766
i:76646,Balanced Wild Jade,1,1,Deouker,1481799306
i:76646,Balanced Wild Jade,1,1,Deouker,1483132148
i:76646,Balanced Wild Jade,1,1,Deouker,1485378780
i:76646,Balanced Wild Jade,1,1,Deouker,1486178939
i:76646,Balanced Wild Jade,1,1,Deouker,1487639102
i:76646,Balanced Wild Jade,1,1,Deouker,1487645137
i:76646,Balanced Wild Jade,1,1,Deouker,1487969965
i:76646,Balanced Wild Jade,1,1,Deouker,1492808846
i:76646,Balanced Wild Jade,1,1,Deouker,1497669038
i:130179,Eye of Prophecy,1,1,Deouker,1496994573
i:76628,Perfect Brilliant Pandarian Garnet,1,1,Deouker,1481799298
i:76628,Perfect Brilliant Pandarian Garnet,1,1,Deouker,1488351080
i:76701,Mystic Sun's Radiance,1,1,Deouker,1479674354
i:76701,Mystic Sun's Radiance,1,1,Deouker,1480640391
i:76701,Mystic Sun's Radiance,1,1,Deouker,1480869576
i:76701,Mystic Sun's Radiance,1,1,Deouker,1480936357
i:76701,Mystic Sun's Radiance,1,1,Deouker,1481645630
i:76701,Mystic Sun's Radiance,1,1,Deouker,1483132160
i:76701,Mystic Sun's Radiance,1,1,Deouker,1485716833
i:76701,Mystic Sun's Radiance,1,1,Deouker,1486178950
i:76701,Mystic Sun's Radiance,1,1,Deouker,1487364098
i:76701,Mystic Sun's Radiance,1,1,Deouker,1487471623
i:76701,Mystic Sun's Radiance,1,1,Deouker,1492808782
i:109127,Starflower,25,25,Deouker,1479674378
i:109127,Starflower,10,80,Deouker,1479902933
i:109127,Starflower,10,40,Deouker,1480640405
i:109127,Starflower,10,50,Deouker,1485378787
i:109127,Starflower,10,30,Deouker,1486071748
i:109127,Starflower,10,50,Deouker,1486178948
i:109127,Starflower,10,20,Deouker,1487969839
i:109127,Starflower,10,50,Deouker,1489967890
i:109127,Starflower,10,50,Deouker,1490046476
i:109127,Starflower,20,140,Deouker,1492808888
i:109127,Starflower,30,120,Deouker,1493047663
i:109127,Starflower,30,90,Deouker,1496925997
i:71808,Lava Coral,1,1,Deouker,1486178950
i:71808,Lava Coral,1,1,Deouker,1486632223
i:71808,Lava Coral,1,1,Deouker,1487733097
i:71808,Lava Coral,1,2,Deouker,1490805265
i:76591,Perfect Steady Alexandrite,1,1,Deouker,1481799281
i:76591,Perfect Steady Alexandrite,1,1,Deouker,1483132169
i:76591,Perfect Steady Alexandrite,1,1,Deouker,1492808838
i:20815,Jeweler's Kit,1,1,Deouker,1481532591
i:20815,Jeweler's Kit,1,1,Deouker,1488352748
i:20815,Jeweler's Kit,1,1,Deouker,1490366490
i:20815,Jeweler's Kit,1,1,Deouker,1497662775
i:20815,Jeweler's Kit,1,1,Deouker,1498540461
i:20815,Jeweler's Kit,1,1,Deouker,1499121397
i:76632,Perfect Subtle Sunstone,1,2,Deouker,1481799282
i:76632,Perfect Subtle Sunstone,1,1,Deouker,1483132172
i:76632,Perfect Subtle Sunstone,1,2,Deouker,1485378788
i:76632,Perfect Subtle Sunstone,1,1,Deouker,1485395940
i:115807,Versatility Taladite,1,7,Deouker,1483132201
i:115807,Versatility Taladite,1,1,Deouker,1484971283
i:115807,Versatility Taladite,1,8,Deouker,1486071675
i:115807,Versatility Taladite,1,9,Deouker,1486178912
i:76592,Perfect Deadly Tiger Opal,2,2,Deouker,1490305066
i:76636,Rigid River's Heart,1,1,Deouker,1479674357
i:76636,Rigid River's Heart,1,1,Deouker,1479902934
i:76636,Rigid River's Heart,1,1,Deouker,1480640388
i:76636,Rigid River's Heart,1,1,Deouker,1480869572
i:76636,Rigid River's Heart,1,2,Deouker,1481163484
i:76636,Rigid River's Heart,1,1,Deouker,1481645642
i:76636,Rigid River's Heart,1,1,Deouker,1481682141
i:76636,Rigid River's Heart,1,1,Deouker,1483132182
i:76636,Rigid River's Heart,1,1,Deouker,1485296171
i:76636,Rigid River's Heart,1,1,Deouker,1485378803
i:76636,Rigid River's Heart,1,1,Deouker,1485716840
i:76636,Rigid River's Heart,1,3,Deouker,1486178962
i:76636,Rigid River's Heart,1,1,Deouker,1486546307
i:76636,Rigid River's Heart,1,1,Deouker,1487364086
i:76636,Rigid River's Heart,1,1,Deouker,1487471609
i:76636,Rigid River's Heart,1,1,Deouker,1487639087
i:76636,Rigid River's Heart,1,1,Deouker,1487721619
i:76636,Rigid River's Heart,1,1,Deouker,1487969972
i:76636,Rigid River's Heart,1,2,Deouker,1497669107
i:76573,Perfect Solid Lapis Lazuli,1,1,Deouker,1479674359
i:76573,Perfect Solid Lapis Lazuli,1,1,Deouker,1479839988
i:76573,Perfect Solid Lapis Lazuli,1,1,Deouker,1481645616
i:76573,Perfect Solid Lapis Lazuli,1,1,Deouker,1481799286
i:76573,Perfect Solid Lapis Lazuli,1,2,Deouker,1486178945
i:76573,Perfect Solid Lapis Lazuli,1,1,Deouker,1487364070
i:76573,Perfect Solid Lapis Lazuli,1,1,Deouker,1487471608
i:76573,Perfect Solid Lapis Lazuli,1,1,Deouker,1487639093
i:76573,Perfect Solid Lapis Lazuli,1,1,Deouker,1492808844
i:32201,Sparkling Empyrean Sapphire,1,1,Deouker,1485378764
i:32201,Sparkling Empyrean Sapphire,1,1,Deouker,1492808784
i:52244,Sparkling Ocean Sapphire,1,1,Deouker,1480869689
i:76654,Forceful Wild Jade,1,1,Deouker,1479674362
i:76654,Forceful Wild Jade,1,1,Deouker,1479846148
i:76654,Forceful Wild Jade,1,1,Deouker,1483132153
i:76654,Forceful Wild Jade,1,1,Deouker,1486178931
i:76654,Forceful Wild Jade,1,1,Deouker,1487639069
i:76654,Forceful Wild Jade,1,1,Deouker,1487645154
i:76654,Forceful Wild Jade,1,1,Deouker,1492808840
i:76654,Forceful Wild Jade,1,1,Deouker,1494016845
i:1206,Moss Agate,40,40,Deouker,1482984239
i:1206,Moss Agate,1,16,Deouker,1483132124
i:40122,Stormy Majestic Zircon,5,5,Deouker,1485214132
i:40122,Stormy Majestic Zircon,1,1,Deouker,1485378798
i:40122,Stormy Majestic Zircon,1,1,Deouker,1486071686
i:40122,Stormy Majestic Zircon,1,1,Deouker,1486178930
i:40122,Stormy Majestic Zircon,1,2,Deouker,1492808843
i:76507,Misty Alexandrite,1,1,Deouker,1484971306
i:23445,Fel Iron Bar,1,3,Deouker,1479674373
i:23445,Fel Iron Bar,1,12,Deouker,1481163471
i:23445,Fel Iron Bar,10,20,Deouker,1481213019
i:23445,Fel Iron Bar,1,10,Deouker,1481213021
i:23445,Fel Iron Bar,10,20,Deouker,1481221381
i:23445,Fel Iron Bar,10,60,Deouker,1481248237
i:23445,Fel Iron Bar,10,10,Deouker,1481682090
i:23445,Fel Iron Bar,10,10,Deouker,1481799266
i:23445,Fel Iron Bar,1,4,Deouker,1481908035
i:23445,Fel Iron Bar,1,12,Deouker,1484336505
i:23445,Fel Iron Bar,1,2,Deouker,1484797099
i:23445,Fel Iron Bar,1,1,Deouker,1485378841
i:23445,Fel Iron Bar,1,11,Deouker,1486178907
i:23445,Fel Iron Bar,15,15,Deouker,1489967906
i:52241,Smooth Amberjewel,1,1,Deouker,1486071737
i:52241,Smooth Amberjewel,1,1,Deouker,1487639079
i:52241,Smooth Amberjewel,1,1,Deouker,1487969903
i:40153,Veiled Dreadstone,1,1,Deouker,1480332871
i:40153,Veiled Dreadstone,1,1,Deouker,1480640390
i:40153,Veiled Dreadstone,1,1,Deouker,1483132142
i:40153,Veiled Dreadstone,1,1,Deouker,1486071691
i:76617,Perfect Retaliating Roguestone,1,1,Deouker,1481799275
i:76617,Perfect Retaliating Roguestone,1,1,Deouker,1498883831
i:76649,Radiant Wild Jade,1,1,Deouker,1485378790
i:76649,Radiant Wild Jade,1,1,Deouker,1487639102
i:76649,Radiant Wild Jade,1,1,Deouker,1487969932
i:76649,Radiant Wild Jade,1,1,Deouker,1489222475
i:76649,Radiant Wild Jade,1,1,Deouker,1492808832
i:76649,Radiant Wild Jade,1,1,Deouker,1494016842
i:109124,Frostweed,10,90,Deouker,1479839978
i:109124,Frostweed,10,60,Deouker,1480640396
i:109124,Frostweed,10,120,Deouker,1481213024
i:109124,Frostweed,10,60,Deouker,1481221385
i:109124,Frostweed,10,30,Deouker,1481294846
i:109124,Frostweed,10,50,Deouker,1485378775
i:109124,Frostweed,10,60,Deouker,1486071670
i:109124,Frostweed,1,2,Deouker,1486178960
i:109124,Frostweed,10,70,Deouker,1487639092
i:109124,Frostweed,10,30,Deouker,1487969850
i:109124,Frostweed,20,20,Deouker,1490650099
i:109124,Frostweed,20,300,Deouker,1492808861
i:109124,Frostweed,20,100,Deouker,1493047658
i:109124,Frostweed,25,75,Deouker,1493047662
i:109124,Frostweed,25,25,Deouker,1496632166
i:109124,Frostweed,25,125,Deouker,1496751446
i:109124,Frostweed,25,175,Deouker,1496799279
i:109124,Frostweed,25,75,Deouker,1496811468
i:109124,Frostweed,25,75,Deouker,1496841772
i:109124,Frostweed,25,75,Deouker,1496926004
i:109124,Frostweed,25,225,Deouker,1497662801
i:109124,Frostweed,20,20,Deouker,1499453073
i:76644,Effulgent Wild Jade,1,1,Deouker,1481799272
i:76644,Effulgent Wild Jade,1,1,Deouker,1486178955
i:76644,Effulgent Wild Jade,1,1,Deouker,1487639111
i:76644,Effulgent Wild Jade,1,1,Deouker,1487969964
i:76644,Effulgent Wild Jade,1,2,Deouker,1492808830
i:12363,Arcane Crystal,1,4,Deouker,1479665652
i:12363,Arcane Crystal,1,3,Deouker,1479674354
i:12363,Arcane Crystal,1,1,Deouker,1485878205
i:12363,Arcane Crystal,1,4,Deouker,1486071752
i:12363,Arcane Crystal,1,7,Deouker,1486178943
i:12363,Arcane Crystal,1,4,Deouker,1496751474
i:12363,Arcane Crystal,1,2,Deouker,1499222235
i:12363,Arcane Crystal,1,2,Deouker,1499466500
i:52247,Subtle Amberjewel,1,1,Deouker,1486071764
i:52247,Subtle Amberjewel,1,1,Deouker,1486178945
i:52247,Subtle Amberjewel,1,1,Deouker,1487752397
i:52247,Subtle Amberjewel,1,1,Deouker,1492808832
i:76673,Fine Vermilion Onyx,1,1,Deouker,1481799301
i:76673,Fine Vermilion Onyx,1,1,Deouker,1483132151
i:76673,Fine Vermilion Onyx,1,1,Deouker,1485378789
i:76673,Fine Vermilion Onyx,1,1,Deouker,1486071693
i:76673,Fine Vermilion Onyx,1,1,Deouker,1486178946
i:76673,Fine Vermilion Onyx,1,1,Deouker,1487645123
i:76673,Fine Vermilion Onyx,1,2,Deouker,1487969965
i:76673,Fine Vermilion Onyx,1,3,Deouker,1492808775
i:76673,Fine Vermilion Onyx,1,1,Deouker,1494016839
i:76673,Fine Vermilion Onyx,1,3,Deouker,1497669028
i:76673,Fine Vermilion Onyx,1,1,Deouker,1499466531
i:76661,Inscribed Vermilion Onyx,2,2,Deouker,1481799291
i:76661,Inscribed Vermilion Onyx,1,1,Deouker,1483132155
i:76661,Inscribed Vermilion Onyx,1,1,Deouker,1485378790
i:76661,Inscribed Vermilion Onyx,1,1,Deouker,1486071697
i:76661,Inscribed Vermilion Onyx,1,1,Deouker,1486178911
i:76661,Inscribed Vermilion Onyx,1,1,Deouker,1487202709
i:76661,Inscribed Vermilion Onyx,1,1,Deouker,1487364097
i:76661,Inscribed Vermilion Onyx,1,1,Deouker,1487639109
i:76661,Inscribed Vermilion Onyx,1,1,Deouker,1487645119
i:76661,Inscribed Vermilion Onyx,1,2,Deouker,1487969948
i:76661,Inscribed Vermilion Onyx,1,1,Deouker,1488350886
i:76661,Inscribed Vermilion Onyx,1,1,Deouker,1498883831
i:76661,Inscribed Vermilion Onyx,1,1,Deouker,1499466529
i:52248,Timeless Demonseye,1,1,Deouker,1485641613
i:52248,Timeless Demonseye,1,1,Deouker,1486178944
i:52248,Timeless Demonseye,1,1,Deouker,1487752397
i:52248,Timeless Demonseye,1,1,Deouker,1487797661
i:52248,Timeless Demonseye,1,1,Deouker,1488351549
i:109119,True Iron Ore,10,110,Deouker,1479674357
i:109119,True Iron Ore,5,5,Deouker,1479674362
i:109119,True Iron Ore,1,3,Deouker,1481163484
i:109119,True Iron Ore,20,120,Deouker,1481213019
i:109119,True Iron Ore,20,60,Deouker,1481248268
i:109119,True Iron Ore,20,40,Deouker,1481294845
i:109119,True Iron Ore,10,50,Deouker,1484866048
i:109119,True Iron Ore,10,20,Deouker,1486071759
i:109119,True Iron Ore,1,4,Deouker,1486178943
i:109119,True Iron Ore,10,30,Deouker,1487639115
i:109119,True Iron Ore,10,30,Deouker,1487750518
i:109119,True Iron Ore,10,80,Deouker,1488492422
i:109119,True Iron Ore,10,20,Deouker,1489967914
i:109119,True Iron Ore,10,50,Deouker,1490046461
i:109119,True Iron Ore,20,160,Deouker,1493047553
i:109119,True Iron Ore,5,25,Deouker,1494016860
i:109119,True Iron Ore,30,180,Deouker,1496626535
i:109119,True Iron Ore,30,180,Deouker,1496751441
i:109119,True Iron Ore,30,120,Deouker,1496885684
i:109119,True Iron Ore,30,180,Deouker,1498018076
i:109119,True Iron Ore,30,60,Deouker,1499067795
i:109119,True Iron Ore,25,100,Deouker,1499453071
i:109119,True Iron Ore,25,25,Deouker,1499554503
i:109119,True Iron Ore,25,25,Deouker,1499648730
i:68778,Agile Shadowspirit Diamond,7,7,Deouker,1490891356
i:76635,Perfect Mystic Sunstone,1,1,Deouker,1479674353
i:76635,Perfect Mystic Sunstone,1,2,Deouker,1481799290
i:76635,Perfect Mystic Sunstone,1,1,Deouker,1483132154
i:76635,Perfect Mystic Sunstone,1,1,Deouker,1485378782
i:76635,Perfect Mystic Sunstone,1,1,Deouker,1486071709
i:52219,Fractured Amberjewel,1,1,Deouker,1486178952
i:52219,Fractured Amberjewel,1,1,Deouker,1487969961
i:52219,Fractured Amberjewel,1,1,Deouker,1492808843
i:52237,Sensei's Dream Emerald,1,1,Deouker,1492808824